X_1,X_2,X_3,X_4,X_5,X_6,X_7,X_8,X_9,X_10,X_11,X_12,X_13,X_14,default,LGD,EAD
0.025641521,0.191399975,0.160929735,0.214043435,0.297960854,0.424421994,2.662066227,1.838741891,25.83374086,-0.434526182,0.353502882,4.236882384,82.31798519,0.840803324,0,0.22938235556854486,0.41835975558019806
0.042654809,0.045051221,0.039219466,0.05587619,0.298245933,0.425000648,2.368380653,1.720529819,3.162899332,-0.356440869,0.366003488,3.859417631,86.19629541,0.870552794,0,0.16800707437652504,0.4979475294325965
0.021754459,0.048248777,0.039819747,0.058681876,0.343068821,0.522229469,1.96269773,1.455363095,3.549033603,-0.339404034,0.397319038,4.476976397,80.493231,0.825300659,0,0.2199156371893927,0.3841189517363957
-0.117882794,0.073355246,0.025140204,0.033634316,0.132316061,0.152493385,4.146137352,3.602147174,4.078947762,-20.55669668,0.429623136,2.975268642,142.3510462,0.342718557,0,0.2508401939640656,0.4564466391969564
0.204942117,0.093075342,0.158316588,0.327809551,0.53024501,1.128769297,1.423377812,1.056305769,19.98715166,0.646423905,0.333295229,7.129179374,43.52232419,1.70095091,0,0.6085042848475463,0.7483683196760146
0.192174189,0.076949731,0.124885217,0.286894022,0.591416797,1.447481912,1.299299399,0.90902559,16.11746272,0.426026382,0.468391374,6.260596113,39.84778289,1.622945464,0,0.3251356525770553,0.462757316812574
0.197415157,0.075109891,0.117080847,0.293326492,0.609059103,1.557931409,1.266673815,0.914705851,11.86142303,0.433891012,0.352053482,5.879333447,38.00361755,1.558793995,0,0.5911122016185313,0.7541340917762162
0.21345362,0.076240493,0.107872608,0.278672988,0.616264714,1.605963109,1.256976233,0.960070719,9.05454515,0.415616652,0.525272699,5.954831646,40.92998623,1.41489914,0,0.43911270525491775,1.0645489360865035
0.062917917,0.03172589,0.104664969,0.282740858,0.515300521,1.063134053,1.89136654,0.810131014,6.76451955,0.354143598,0.052040337,5.620886283,25.79452583,3.299039631,0,0.16473583855852855,0.6078269227782345
0.063554416,0.022385341,0.066406374,0.137361048,0.517762013,1.073664928,1.812597602,0.750743206,4.732485367,0.255836435,0.052076158,5.14406596,30.08352302,2.966511625,0,0.190940523598857,0.3258308286365733
0.049937648,0.015250085,0.03454328,0.377273154,0.90166682,9.169507334,1.106898777,0.738843043,2.22521881,0.081164345,2.935371074,6.532450805,33.12549169,2.265120512,0,0.5216065356741317,1.0659558778937062
0.041944897,0.012784268,0.029700562,0.308199718,0.905390738,9.569789689,1.092141249,0.875071503,2.164696076,0.062064198,4.270539655,8.547017004,36.84785368,2.323211748,0,0.7181410260444463,0.00971720446553015
0.131539629,0.071139986,0.109905482,0.25065642,0.530105221,1.128136008,1.785191239,1.129459432,7.985398742,0.556029833,0.334399857,5.131858603,53.66755511,1.544918527,0,0.3439271689123475,0.8583188997638372
0.113984505,0.049329028,0.071124838,0.156880856,0.560823503,1.276988878,1.521901159,0.800955557,6.118358401,0.329754106,0.266163239,3.959729919,54.92577105,1.441845514,0,0.4042359769296609,0.48938844792934905
0.071013592,0.015366187,0.017396657,0.032427952,0.315735882,0.461423993,2.306627621,1.414581245,2.898842126,0.244187889,0.399651795,3.241310718,51.65826964,1.132138802,0,0.16997384547354416,0.3979792085674323
0.234154414,0.145109915,0.171235919,0.268784741,0.396170768,0.656097366,1.935450797,1.244033457,20.58501126,0.628586821,0.620051147,3.26121139,19.42090146,1.180042861,0,0.18701739069608764,0.7476808764826718
0.095616277,0.025314897,0.053611683,0.140161908,0.646909473,1.832134889,1.372456264,1.103888612,2.322215205,0.256240585,0.281530348,14.93338648,106.6918123,2.117791867,0,0.6661829120957496,0.22219299297119094
0.07697407,0.021934005,0.049996068,0.136516534,0.62035286,1.634024845,1.316658502,1.117150051,3.084075311,0.305343714,0.225227461,15.65701747,85.83985563,2.279386189,0,0.43168815960031953,1.3814845249871253
0.089655982,0.027656737,0.049223518,0.131498378,0.630709779,1.707897317,1.236301937,1.060075941,3.08364608,0.302897563,0.083256682,14.9487994,114.8718922,1.779802074,0,0.5032033428278244,0.5319152853916218
0.096568695,0.025610915,0.044742302,0.114831223,0.592882061,1.456290679,1.259396078,1.100884278,3.562388125,0.323873768,0.047033442,15.76740157,93.39950641,1.747001311,0,0.342134787976362,0.4577922075506825
0.13164138,0.028981455,0.079349752,0.284948523,0.718230857,2.549004656,1.161756048,0.870413868,2.2741663,0.415917402,0.448366589,13.22228331,35.59382281,2.737949191,0,0.11705152762488819,1.2084898972668654
0.127687767,0.022150263,0.052374155,0.202274283,0.759053778,3.150303705,1.134696026,0.773235812,2.00589997,0.325709455,0.260985827,10.45265773,48.32190912,2.364493577,0,0.598042789316054,1.0834781092441705
0.133265336,0.025029046,0.070267629,0.260782013,0.700872438,2.343055356,1.225674163,0.807463402,2.490573077,0.532162564,0.212382398,11.07183158,37.08691303,2.807443382,0,0.5792921954426118,1.7804918876300306
0.203192309,0.042402046,0.062208559,0.218607392,0.727191786,2.66557878,1.059940217,0.6570942,2.546868278,0.405128044,0.12814039,5.621970853,50.25103673,1.467112203,0,0.3886752469390337,0.715517606547392
0.222129312,0.14088018,0.26443141,0.35397068,0.240602701,0.316833759,2.408250116,1.68266716,32.74740382,6.312297356,0.333168174,8.31794678,32.80217,1.876995115,0,0.2521389580794423,0.46989834033389755
0.168722104,0.086115303,0.113596875,0.154113955,0.283420317,0.395518215,2.192889384,1.633770426,19.42203563,1.463847527,0.219942804,7.183359616,42.85700451,1.31912531,0,0.08455354464305559,0.1301710050091866
0.199943486,0.099571283,0.109612764,0.174037084,0.43836121,0.780503799,2.04385901,1.552899127,16.31793197,1.031673215,0.11968468,7.185329717,42.67577487,1.100847157,0,0.15205913327856507,0.467011362342329
0.14355023,0.010736315,0.006124579,0.01321745,0.608890862,1.556831079,0.827801173,0.418293138,1.545589108,0.29455666,0.024176644,4.520635121,58.55892444,0.570454425,0,0.5191146647457375,0.4474990465498854
0.163672709,0.083438151,0.10566154,0.195379545,0.489781694,0.959945356,1.390289622,0.45292096,5.66765278,0.739456984,0.072448348,2.661021317,42.96278789,1.266345657,0,0.6715235315814672,0.4343452363304603
0.138224724,0.043082809,0.046058134,0.099224386,0.575556724,1.356027426,1.504893594,0.729208284,2.877693034,0.360874249,0.039723516,2.444352651,54.05084714,1.069060608,0,0.5619149760783333,0.07930179546827389
0.147531066,0.059107175,0.064432495,0.12459153,0.377570795,0.606608417,1.847100045,0.735222078,3.377067257,0.699057916,0.023787142,2.683778435,60.82834162,1.090095997,0,0.17790231871054274,0.9517579655725736
0.208625404,0.072387299,0.088446677,0.136428689,0.324197125,0.479721435,2.247695241,1.003978385,6.214458782,1.426151086,0.092542172,2.861475651,60.1658022,1.221853537,0,0.1670173133820978,0.15168309456933346
0.204707952,0.101042155,0.20450833,0.277071543,0.209376884,0.264825148,4.39029172,2.64434896,25.77497156,17.67428471,0.395789804,4.276798027,26.61353296,2.023990192,0,0.11004964135664493,-0.20055069959792826
0.253311014,0.071434104,0.155652595,0.206653967,0.275915414,0.38105412,3.190596524,1.494934981,16.99896164,5.478328244,0.351854034,3.906228885,26.32139167,2.178967547,0,0.060864158929923286,0.20289389460424517
0.169183863,0.073787147,0.157262735,0.215528081,0.265582411,0.361623163,3.361871571,1.785150018,42.27985408,3.150645026,0.164041887,4.047222979,41.19263197,2.131302539,0,0.13434395328032311,0.3490401118009623
0.148161653,0.036929487,0.183336887,0.546495029,0.630518846,1.706497986,1.3566163,0.440674699,14.21962387,0.704395179,0.369537239,7.222882012,1.204767032,4.964512197,0,0.4815761577363493,0.29765607786000864
0.152069625,0.055100117,0.307921903,0.752127176,0.564448994,1.295942352,1.475510033,0.334018046,41.83441351,1.441770498,0.143476621,7.669130303,1.068464933,5.588407393,0,0.5339440096451433,0.9604740976270789
0.155326985,0.054876586,0.259681206,0.698556867,0.658184151,1.925551879,1.291543641,0.260077998,36.62989305,0.726191777,0.138460106,5.98494067,0.877265753,4.732094751,0,0.6259284191322487,0.651756287491367
0.2404749,0.032404129,0.021681936,0.082910528,0.71019522,2.450598714,1.145990234,0.419249455,1.387902165,0.1612072,0.250804787,1.305377054,112.0378918,0.669110268,0,0.4419009773888072,0.8101542417625837
0.207604771,0.04369509,0.032065043,0.117659179,0.74249993,2.883494085,1.028985519,0.455178263,1.629373915,0.15339465,0.169459736,1.304760622,96.88527613,0.733836283,0,0.4546545874136997,1.044156705722165
0.290498122,0.212612517,0.287028689,0.333165656,0.125872592,0.143997992,5.946088861,4.452776062,1681.38439,1.034656011,0.578343754,6.11819082,9.457984,1.350008422,0,0.10281511657198084,0.3429018790467177
0.227358742,0.150432962,0.184282676,0.208563132,0.107593854,0.120566016,6.736432685,5.169307741,1681.38439,1.034656011,0.562662216,5.318713191,10.25330421,1.225015268,0,0.08609919282694611,0.4467850946169064
0.252863513,0.139444822,0.161954068,0.183208365,0.124090463,0.14167041,5.942367172,4.801045914,1681.38439,1.034656011,0.341401237,5.604001549,14.52115546,1.161420447,0,0.07321784142187443,0.13357836695457823
0.276111621,0.091836448,0.140369811,0.209094788,0.396110881,0.655933131,2.145972633,1.811749208,1681.38439,1.034656011,0.310279723,7.435953101,11.07633563,1.528476051,0,0.23778489278543052,0.37764529382334777
0.282307054,0.069334351,0.093540851,0.149400485,0.35072027,0.54016821,2.236294864,2.009282101,88.1865162,46.95635712,0.064088376,9.094126826,39.91511129,1.349127097,0,0.1270656518211756,0.6931514579780799
0.298960247,0.093097016,0.113938927,0.168814983,0.298726753,0.425977683,2.655720509,2.491956588,875.3571705,427.2960548,0.103399464,13.34415876,69.26995167,1.223873023,0,0.1302866564274966,-0.1336386155210575
0.148161653,0.036929487,0.183336887,0.546495029,0.630518846,1.706497986,1.3566163,0.440674699,14.21962387,0.704395179,0.369537239,7.222882012,1.204767032,4.964512197,0,0.2871142403131102,0.21868543223896572
0.152069625,0.055100117,0.307921903,0.752127176,0.564448994,1.295942352,1.475510033,0.334018046,41.83441351,1.441770498,0.143476621,7.669130303,1.068464933,5.588407393,0,0.48096637163233347,0.7753075919757834
0.155326985,0.054876586,0.259681206,0.698556867,0.658184151,1.925551879,1.291543641,0.260077998,36.62989305,0.726191777,0.138460106,5.98494067,0.877265753,4.732094751,0,0.23728209703700268,0.5319128377517761
0.101172882,0.002094508,0.008570116,0.017999939,0.579323443,1.377123192,1.40696834,0.30796271,3.937582832,0.109077622,0.103751926,6.559842806,1.001040872,4.091708693,0,0.36510938721496566,0.9101933405340062
0.104971049,0.005643824,0.023621353,0.066934916,0.693945448,2.267391367,1.205939481,0.249233065,3.48507647,0.111521305,0.246511446,5.738574301,0.456889819,4.18534575,0,0.3364256145552728,0.9832131038986069
0.118308311,0.006847957,0.023874932,0.097852984,0.797275436,3.932801323,1.053413897,0.199550805,2.730307236,0.124365653,0.274225585,4.567945561,0.467745937,3.486431341,0,0.5580353746788893,0.3207628479235847
0.259816656,0.027882223,0.018795398,0.028166186,0.309547332,0.448325203,2.108637587,1.590955132,2.03791806,0.586101624,0.174965003,2.399756159,118.7620482,0.674099695,0,0.1270137688094007,0.6257308427413891
0.279717771,0.245855939,0.134220989,0.187970867,0.263830972,0.358383689,2.933151748,2.526292772,18.95670494,1.084178638,0.095972802,2.957993104,176.4587384,0.545933484,0,0.09687155171449145,0.8004244639168766
0.047749957,0.289982926,0.067878357,0.112173967,0.42751208,0.746761747,2.527711947,2.010237785,8.059334008,-0.161787451,0.06699015,1.543961562,332.8679093,0.234077083,0,0.14873179972476053,0.6012816324622723
0.148283165,0.052823302,0.016566172,0.030668782,0.488069103,0.953388643,1.772285858,1.279315076,1.625332222,0.032144417,0.127318629,1.629967445,173.464229,0.313614855,0,0.3159798771245551,0.28630983437115665
0.130126721,0.064211444,0.02774494,0.101756483,0.689609905,2.221752289,1.214462568,0.704255078,2.074723079,0.36917038,0.155886276,1.520059382,134.7661347,0.432087155,0,0.4691793766888772,1.0077864796696796
0.1174026,0.050337188,0.018356625,0.05836539,0.68134205,2.138161154,1.203740013,0.785867032,2.523159285,0.269965345,0.203318446,1.515400472,186.0771771,0.364673231,0,0.5017411218880898,0.9223985842938983
0.158250922,0.075124982,0.027689876,0.08259542,0.646489459,1.828769959,1.054237849,0.774997941,2.782588466,0.464088316,0.206404344,1.916104535,178.9016447,0.368584134,0,0.4048516859478555,0.8899137742245786
0.160011878,0.091077638,0.036468169,0.106521767,0.667951119,2.011604785,1.186265172,0.789594898,3.690054861,0.466802829,0.243285539,2.107128991,149.5978764,0.400407499,0,0.44558882510192926,0.950578612702947
0.06809272,-0.296879143,-0.083339348,-0.759287086,0.929475702,13.17951019,1.133028023,0.581138395,-0.234197436,0.005117194,0.105159783,0.56489522,129.8856401,0.280718097,1,0.39913093283360734,-0.4973064301138095
0.059777582,-0.079474921,-0.03460688,-0.919032336,0.983328844,58.98384323,1.124164033,0.715677388,0.012760977,0.026219911,0.133313155,1.060564694,85.54477454,0.435444026,1,0.4460670257689188,1.4404687805404857
0.049378097,-0.060117033,-0.029366115,-33.21520591,1.012986452,-78.00332579,1.070164638,0.719934544,-0.103166453,0.020021913,-0.136774063,1.407346656,66.97207749,0.488482445,1,0.7560561153866638,1.9040659052894877
0.156390037,0.34154288,0.187769442,0.467497288,0.543066722,1.188503328,5.0118944,4.367277588,15.51122449,3.08460702,0.218127499,6.449325224,73.44541888,0.54976828,0,0.07231728289507454,0.7553579271350809
0.066460029,0.17395391,0.112102955,0.233422074,0.495238314,0.981132935,4.902947302,4.44084949,10.37409617,2.344690717,0.207645468,8.499305436,86.4831862,0.644440559,0,0.15798417640141887,0.6139641190199236
0.125717344,0.078864392,0.053988464,0.105542779,0.481542694,0.928799128,4.528000408,4.027544021,6.027844202,2.810364864,0.124390207,9.818065562,103.1388867,0.684573389,0,0.1319198578706282,0.755002828549603
0.083127276,0.102014121,0.05630066,0.111566818,0.509807379,1.040014389,3.926526353,3.57296681,7.330906651,0.961681966,0.15129419,9.008037719,150.0264841,0.551890855,0,0.076641074386528,0.7248498968423857
0.106981468,0.003147574,0.002418486,0.008649427,0.707322893,2.416734608,1.038064997,0.618061744,1.049527605,0.258676153,0.060150146,2.601892971,164.3234602,0.768364988,0,0.5694173383288661,1.0607125046802464
0.096630397,0.002499485,0.001813553,0.006632871,0.743394295,2.897029493,1.069215079,0.851035809,1.045836925,0.194380982,0.02640529,3.297469015,221.1480801,0.725570749,0,0.3639052453425137,0.8005884000981643
0.076083959,0.005600715,0.004688938,0.019980078,0.783523418,3.619437301,1.072561755,0.781427776,1.142850438,0.158700745,0.308928067,4.276283156,213.0352856,0.837203572,0,0.5077918093694208,0.49331805818523994
0.318579992,0.037292712,0.008311356,0.048409401,0.835427177,5.076337406,0.98436251,0.652877268,1.304214107,0.255785017,0.026994957,0.888054593,502.1557687,0.22286811,0,0.6337381276996957,0.4978386438926933
0.215289608,0.024816222,0.006221973,0.038760173,0.843198962,5.377508789,0.979205155,0.706276115,1.278181955,0.174936891,0.152320342,1.074346537,456.9996258,0.250722009,0,0.5401213340781561,0.500904135884068
0.13806615,0.006675706,0.00237426,0.015971931,0.858584437,6.071357468,0.984186528,0.684192007,1.130848451,0.142282476,0.090467736,1.669778131,336.9562865,0.355656821,0,0.6977465067887549,0.3134787245245524
0.147291034,-0.010245248,-0.002855514,-0.021066973,0.870018289,6.693390041,0.949948324,0.663132215,0.846051259,0.12221725,0.020288669,1.267444101,432.1871956,0.278715958,0,0.32736717202483023,0.46612899449044676
0.11375119,0.004897574,0.003691822,0.015995574,0.775289321,3.450166782,1.084679725,0.515306412,1.066972523,0.173908433,0.032441741,1.439603667,165.553292,0.753806113,0,0.5603512461766323,1.5045064509679453
0.119884653,0.002508258,0.001664784,0.007488984,0.780054427,3.546579347,1.095082119,0.603782126,1.033971863,0.15855141,0.26562019,1.429902667,214.8071083,0.663720928,0,0.397278486358953,1.1016382654624972
0.169311288,0.001860051,0.00090095,0.004115131,0.782061395,3.58844821,1.086398884,0.502091761,1.020342258,0.139254577,0.095710965,0.966547529,287.5046122,0.484368641,0,0.3693804276227177,0.5499890437261316
0.118511989,0.002377632,0.001215091,0.006090808,0.815861645,4.430699107,1.07462203,0.548750459,1.029763139,0.136929306,0.031571279,1.032975046,277.3097543,0.511050867,0,0.41317255028533767,0.804803653007246
0.127336294,0.021197959,0.025395453,0.077846037,0.666489619,1.998407417,1.288503746,0.990007387,2.942011082,0.633162585,0.097914842,4.933132546,137.2530287,1.198014082,0,0.4170057505664226,0.7393951358172589
0.188853356,0.006954584,0.002351804,0.007658565,0.716273269,2.524518105,1.228813099,0.995273054,1.372810619,0.377356958,0.07575336,1.506046742,501.2907858,0.338166072,0,0.46775081722770484,0.5377819882062568
0.03516349,-0.597735695,-0.128474255,-0.513992698,0.792069263,3.809293767,1.009023313,0.958853232,-37.51783795,-0.543387408,0.218749273,1.87758294,750.8721581,0.214934889,1,0.32522752388249654,0.82700674286973
0.164011571,0.012369659,0.008700114,0.04388836,0.820086199,4.558217307,1.127689746,0.475484576,1.146315097,0.13332182,0.042911021,1.22109598,210.7176872,0.703343067,0,0.6351239730431281,1.388802068951456
0.155365295,0.005212638,0.003096303,0.01700343,0.815634063,4.423995441,1.142994008,0.347310804,1.068662057,0.118446659,0.148852037,0.849106947,184.0229172,0.593999206,0,0.5698493659595689,0.9821286332259133
0.190537034,0.002348288,0.000999129,0.005839386,0.840366807,5.264361316,1.128421969,0.29085672,1.023040193,0.111642673,0.042383795,0.507657878,197.2227752,0.425471329,0,0.26956344705841645,1.168007871330996
-0.059814592,-0.164643931,-0.075060691,-0.570162407,0.899896892,8.989699846,1.067428803,0.234374445,-1.058862698,-0.133279388,0.095389153,0.666075156,164.0593085,0.455897106,0,0.72323782906934,1.443245769679808
0.097307922,0.01317815,0.004523427,0.005851967,0.226588686,0.292973068,0.986460279,0.777882326,2.032166906,1.057210733,0.054859126,5.424191692,63.86248516,0.343252036,0,0.815758711460771,0.43196706099544796
0.18090801,0.119639507,0.057185981,0.072818449,0.20309831,0.254859931,1.005570044,0.77561599,30.91887604,1.008259156,0.025802486,8.333922957,32.54033108,0.477985763,0,0.6768169356739476,0.5711976497835908
0.150826669,0.114446492,0.11145372,0.153864198,0.323991583,0.479271522,0.751703944,0.458152041,18.25481993,1.443245246,0.003517593,10.91750622,30.11029224,0.973850038,0,0.5581533040612139,0.43956182585032605
0.195839586,0.138265268,0.126626404,0.161065001,0.073376096,0.079186492,2.16708517,2.16708517,44.80228438,57.39700487,0.01938411,13.81803896,45.03996357,0.915822213,0,0.1018161320320256,0.09857355650827919
0.077925945,0.00346713,0.003639129,0.009378675,0.602494538,1.515688705,1.080343149,0.67691227,1.219043991,0.174023543,0.22005894,3.861717022,58.50483672,1.049608245,0,0.6581677590396705,0.5863444072209639
0.098855095,0.00267415,0.001875413,0.004844737,0.622713679,1.65050691,1.137327393,0.693834751,1.136685275,0.148492709,0.265654611,2.54299458,85.29870099,0.701311821,0,0.43952345795402303,0.5148955512553596
0.103777877,0.00863699,0.008560268,0.026534471,0.715605563,2.516243176,1.21631929,0.803269598,2.286126311,0.236951465,0.935993338,3.433190889,60.12035901,0.991117023,0,0.628697419712775,0.8694847411948095
0.212426971,0.026883229,0.012351392,0.032143276,0.628183239,1.689496832,0.909912735,0.813610506,1.292850035,0.167035655,0.133913822,6.169758891,43.66990216,0.45944601,0,0.5524908965799903,0.8982908605363743
0.302758403,0.118158077,0.067994833,0.158370707,0.500256552,1.001026733,1.57427821,1.435543493,3.242952037,0.85848676,0.299063046,7.743377949,30.93871404,0.575456496,0,0.5042667672685944,0.6653543782603237
0.161132188,0.123569842,0.073886416,0.142849221,0.467667766,0.878526109,1.28597695,1.210843263,5.228743543,0.244339642,0.109814544,12.1590538,75.28343559,0.597932432,0,0.5091785628100675,0.699643548327341
0.150788145,0.013181646,0.005993741,0.010333107,0.361590728,0.56639329,1.700805326,1.600302326,1.437794176,0.302844497,0.08354964,11.2065686,166.0875359,0.454703512,0,0.33935214612812364,0.3281377371372802
0.101409721,0.003463447,0.002397493,0.01286594,0.829691782,4.871707273,1.029605208,0.471711897,1.058918507,0.209034141,0.083635472,1.498626183,126.7309544,0.692227312,0,0.5015750031081231,0.3981324039001103
0.071080472,0.0181917,0.018809963,0.114543877,0.841055674,5.291511152,1.026438922,0.679019456,1.587982294,0.201415798,0.057271783,2.701806233,109.5732251,1.033985996,0,0.7678805740858753,1.2085217514838018
0.081701079,0.037302355,0.033746008,0.179657411,0.782518037,3.598082471,1.042237694,0.700907129,2.094499432,0.178407213,0.10049228,3.084136959,137.7243697,0.904661582,0,0.519036813905543,1.075152556469902
0.094135491,0.018632429,0.010398438,0.039301719,0.695865754,2.2880217,1.171948491,0.87812791,1.394270593,0.121754055,0.241832646,2.231780833,199.0826277,0.558082803,0,0.5602984045167052,0.7174500433099378
0.084419844,0.003017034,0.001168787,0.005904489,0.780911978,3.564375504,1.138958431,0.708493597,1.040367851,0.200164037,0.045999291,1.046306585,438.4644372,0.38739599,0,0.7824726045584381,1.3392143121698876
-1.299280328,-1.703789168,-0.100481908,-0.847826627,0.957150839,22.33767967,0.958856224,0.700761776,-3.448714551,-0.277631867,1.29121365,0.477475411,2161.273011,0.058975553,0,0.3097495864617784,1.4538493989939494
-0.175446714,-0.312744487,-0.114124764,-33.05665282,1.045947971,-22.76374647,0.813603762,0.53442446,-12.75450989,-0.761287323,-0.077093194,1.606576686,306.687833,0.364913753,1,0.6188545004542799,2.3402854203845003
0.082448524,0.040936177,0.015009333,0.092269458,0.827309867,4.790718798,1.239627259,0.358219502,29.70372025,0.11207592,0.020135407,0.562273399,90.29757656,0.366652036,0,0.5937767457258055,0.8995957430021673
0.088468415,0.044246363,0.018067233,0.107477953,0.83608755,5.100817844,1.171030466,0.485007792,10.20895208,7.2138108,0.844010372,0.686647043,76.09544689,0.408332603,0,0.32403148923287606,0.500575601952316
0.181872937,0.115469038,0.043542752,0.242120445,0.803391146,4.086240932,1.157444669,0.568895985,1681.38439,1.673235957,0.654574349,0.73332157,83.55940294,0.377094613,0,0.7915431778473938,0.6299316046302432
0.222040016,0.169026472,0.078800984,0.347271539,0.740811518,2.858196137,1.414047845,0.90478955,52.45805724,1.409237378,0.950068248,1.105040789,72.87567638,0.466204983,0,0.34160657925110954,0.5738008774501375
0.074583968,-0.199306555,-0.041675159,-0.096528165,0.598777979,1.492385633,0.495060011,0.43558454,-1.357349867,-0.007431437,0.002131709,8.853023802,140.6114171,0.209100795,0,0.6593990230826068,0.7675697288658154
-0.13769847,-1.150030227,-0.08466467,-0.227314821,0.658324232,1.926751306,0.152878589,0.12658615,-5.587735959,-0.092131814,0.004160866,4.839143543,279.5383639,0.073619517,1,1.576724919683321,-0.055323997386439915
0.109079687,-0.168677789,-0.036820404,-0.116553603,0.70894162,2.435736838,0.163410723,0.142680722,-2.056806068,-0.001763248,0.036668115,12.28608285,75.12232968,0.218288396,1,1.4440100219865841,1.3274204072363347
0.100436791,0.048043705,0.046234398,0.15040611,0.694659683,2.275034265,1.255413894,0.737617141,2.676336603,0.621011835,0.065494926,2.492392107,97.77960505,0.962340396,0,0.7177231365388667,0.6162461931001795
0.07299181,0.029389639,0.029303057,0.087270833,0.630104617,1.703467102,1.379413785,0.786479546,2.253137563,0.521593984,0.050110929,2.566877773,103.5651008,0.997053992,0,0.5850341628420032,0.6136222547739368
0.049898873,0.002931454,0.002918439,0.007372764,0.573282591,1.343471295,1.580715423,0.99942881,1.149527395,0.340998483,0.023695163,2.675321312,138.2138681,0.99556007,1,0.2892365948485998,0.2854036185322515
0.047505304,-0.061267874,-0.024458573,-0.092580095,0.800421354,4.010556093,0.985489314,0.737484318,-0.05103805,0.417460288,0.026056207,2.681201311,234.8020024,0.399207149,0,0.8179701326834493,0.9428872242749099
0.115068419,0.053397007,0.091604147,0.177202576,0.493667184,0.974985558,1.730958884,1.491450699,4.398012455,0.233413243,0.423659387,7.91611237,95.80725509,1.715529626,0,0.2574877168400841,0.5637071349469095
0.113145365,0.044971315,0.058711562,0.119365402,0.521948518,1.091824916,1.62540344,1.151663098,3.96072084,0.134481587,0.510215023,6.295777286,114.6781455,1.305533575,0,0.34740633724689723,0.582197072443914
0.114139597,0.066282276,0.109835249,0.202273019,0.379076628,0.610504685,2.166269885,1.775463381,8.252956605,0.575279293,0.294682379,7.272945625,78.1181163,1.657083255,0,0.19262633854981864,0.608155406545032
0.139805851,0.064396388,0.100067582,0.15857404,0.358399274,0.558601727,2.277888915,1.013113106,5.206449835,0.675071477,0.073142464,4.492474944,78.90097897,1.553931612,0,0.14302454581091245,0.36669566909273227
0.097810231,0.001458401,0.00069828,0.007639943,0.903086038,9.318430705,1.166004283,0.521922609,1.026876475,0.130420792,0.365263247,0.997074819,232.9619528,0.478798532,0,0.5921119055519121,0.5520921197945865
0.080325582,-0.02630653,-0.017665828,-0.189586998,0.911128293,10.25217504,0.949763282,0.49880696,0.223715936,0.067319172,0.179130395,1.390121321,162.7241123,0.67153774,0,0.6638642407643781,1.27416406524899
0.103727141,0.008401532,0.004410158,0.03348704,0.820467172,4.570011957,1.037479554,0.666857807,1.204631329,0.139095172,0.144713357,1.318028447,247.216336,0.524923057,0,0.5564638296733444,1.0493337269078977
0.104578336,0.008255668,0.003888228,0.015143241,0.682188606,2.146520289,1.297828513,1.004022711,1.226327904,0.145500055,0.453463724,1.713004155,232.1564008,0.470976776,0,0.3082826908993812,0.7690133693190785
0.229460795,0.085837928,0.079265816,0.234843688,0.658480206,1.928087966,1.288552557,1.128547912,145.2955613,34.95012644,0.812653121,6.372169824,173.0654318,0.923435805,0,0.5011568680404357,1.0706595390546882
0.263806974,0.076736842,0.07714514,0.231844555,0.674881309,2.075799788,1.247051339,1.054177365,1681.38439,1821.081138,1.212093965,6.238712565,94.10631212,1.005320764,0,0.6430412537428102,0.34210246305876
0.222606923,0.053839957,0.062406857,0.18614675,0.654395037,1.893476966,1.218715382,1.016062109,1681.38439,1.034656011,0.664654815,6.858731748,77.66120041,1.159117884,0,0.3641496353570716,0.40066583996219757
0.229687641,0.053971469,0.068665475,0.201739163,0.664119703,1.977251148,1.203544379,1.008924318,1681.38439,1.034656011,0.910088509,7.49241758,82.24626355,1.272255066,0,0.4393504334347815,1.1400268777901479
0.121207832,0.014938375,0.003706854,0.011228128,0.670834207,2.037982744,1.532126926,0.505495271,1.253532645,0.072939587,0.086891063,0.394436152,342.3287737,0.248143058,0,0.33908703444856847,0.1809908248490851
0.141529105,0.041084533,0.013046416,0.040592554,0.685994427,2.184656855,1.840908443,0.675858484,2.071853729,0.165246013,0.219822182,0.467180514,215.3286201,0.317550544,0,0.2643124501524465,0.241705748784145
0.174714422,0.050083248,0.02188649,0.068460133,0.674596962,2.073112061,1.898124324,0.639092549,2.270834528,0.247219843,0.062853237,0.614337587,123.8815155,0.437002215,0,0.20428703260763423,0.9862516409147484
0.108959129,0.071978119,0.026957335,0.077958568,0.631134606,1.711016037,1.653609137,0.500312293,3.084685377,0.165512322,0.070055019,0.545020469,139.1644019,0.374521244,0,0.3142267942442533,0.7833700672077135
0.145813535,0.001599219,0.000971777,0.005651228,0.833096206,4.991475545,1.04252906,0.804676773,1.015748553,0.168865393,0.167456238,2.751187473,247.5303333,0.607657212,0,0.38451258883320255,1.052616068529638
0.136606794,0.001665102,0.001038639,0.006331909,0.83872986,5.200775911,1.037871565,0.647310213,1.016510682,0.166047182,0.202651166,2.405520015,244.2232188,0.623769133,0,0.5808873786937726,0.9541702959498084
0.062842563,0.009030089,0.005853154,0.037418741,0.848049784,5.581102839,1.038974413,0.661581418,1.126024654,0.045522269,0.77804557,2.162620703,198.8873801,0.648183398,0,0.3988501009013936,1.0156337735137848
0.117459746,0.001559689,0.001075598,0.007037406,0.846264516,5.504679146,1.0112671,0.604985857,1.020675838,0.124077816,0.04909645,2.042681307,192.7730788,0.689623365,0,0.5047745837411527,0.953943942654022
0.216104623,0.07491119,0.011603411,0.022680442,0.477789299,0.914935863,2.07417718,0.770251709,2.436079033,0.066770122,0.016426611,0.304628089,460.3955132,0.15489556,0,0.12138692647295035,0.9395239567264372
0.217408562,0.101775361,0.014555612,0.02894602,0.514966529,1.061713387,3.007346564,1.147761539,7.957821981,0.166211776,0.193853257,0.273154301,382.286077,0.143017052,0,0.18043949827259248,0.4965740800874767
0.2502613,0.049042052,0.006349976,0.012609309,0.478055668,0.915913133,3.224608871,0.777602367,5.165949439,0.053721201,0.024300087,0.222073073,289.1499239,0.129480217,0,0.17594658674767233,0.5148154098422218
0.271797308,0.101303828,0.021399923,0.0429376,0.521914562,1.091676341,3.564470911,1.132186195,8.513600607,0.903918078,0.063745495,0.319482652,189.4997848,0.211244955,0,0.14062655599899024,1.1762791296197728
0.092438023,0.03594954,0.035293133,0.116864345,0.702311027,2.659884292,1.318772308,0.537055682,7.860464618,0.158289804,0.178640763,1.670555793,84.51284588,0.981740876,0,0.5146489263473071,0.8110038808119344
0.09186696,0.020173758,0.019864434,0.065662048,0.575976954,1.631276635,1.645230211,0.835620502,2.460499379,0.198651062,0.081181375,1.742189289,115.8820777,0.984667043,0,0.18818283326663757,1.3119250807528051
0.112703447,0.024865898,0.027185003,0.077302523,0.649711509,1.854789771,1.524042623,0.833645079,2.610604926,0.209855755,0.103413953,2.16299632,133.9743725,1.093264471,0,0.2155228616534442,0.6632571046433663
0.094171667,0.039993422,0.039031147,0.105999177,0.612131874,1.578195869,1.595625726,0.813760136,3.336295145,0.243819671,0.101433408,1.993968365,146.4666722,0.975939177,0,0.4414088290479508,1.1785952438610554
0.155454718,-0.099612638,-0.040299741,-0.488036357,0.93849146,15.25790502,1.032638384,0.411794323,0.43728473,0.164277965,0.274192897,0.953204345,146.1523906,0.404564537,1,0.5250010243058794,0.1723279808451611
0.130995024,-0.170999684,-0.048324704,-1.308536627,0.987353662,78.07427618,0.902563092,0.381264697,0.245066911,0.07609889,0.579590283,0.691797032,237.8238843,0.282601131,1,0.6190649041551686,1.0768222304078332
0.027422884,-0.241902316,-0.072812322,3.185163903,1.063806869,-16.67229381,0.711360084,0.268092767,-0.450854833,-0.008518651,-0.076109855,0.798679441,218.801317,0.300998862,0,1.7149434324591826,0.20776321842453227
0.160853565,-0.002568992,-0.00094666,-0.00138168,0.446197337,0.805697348,2.062867141,1.589152123,-0.259168366,0.096653122,0.122857416,1.876593792,314.7236456,0.368494898,0,0.19250157691456862,0.7964472058492843
0.156161218,0.102127693,0.090215548,0.158224404,0.413996614,0.706474782,2.32252044,2.003518752,198.1785054,5.381904881,0.040276522,4.396908806,175.0881027,0.883360282,0,0.10892299985501286,0.22039701146147309
0.191830091,0.096569828,0.05946117,0.092655012,0.292558212,0.413543866,3.256038744,2.266548561,102.7533038,5.698087199,0.066888505,2.50899479,313.2690442,0.615732379,0,0.20026573296431335,0.5709423885958363
0.124724858,0.042315007,0.06158737,0.326318221,0.809680745,4.254329109,1.05194664,0.863355124,3.2598985,0.458496271,0.393726866,8.442022924,141.7163697,1.455449837,0,0.30261388842327186,0.8589020616547824
0.099629297,0.027537396,0.038435171,0.218289259,0.83798199,5.172153344,1.001013879,0.698273012,2.484587733,0.366835533,0.257387476,6.211174628,140.651212,1.395744546,0,0.4307623092777937,0.42089840740798556
0.081769429,0.031012664,0.054923005,0.321613762,0.820182429,4.561191806,1.049760437,0.79992353,2.95735,0.352162974,0.297997658,7.120338882,107.4012252,1.770986352,0,0.4897637592013053,0.19032000855122877
0.089979939,0.027106764,0.044431563,0.271527226,0.849242874,5.633185596,1.07990502,0.985130203,2.735412192,0.423019279,0.463905954,11.07793517,132.6278511,1.639131955,0,0.757001408247405,0.7444797682099451
0.053846523,0.019464958,0.036379219,0.224337066,0.832628816,4.974744121,1.253632681,0.840428198,2.219748735,0.682315139,0.252413214,5.558205831,79.5583465,1.868959556,0,0.3572238345573153,1.8703147229476653
0.053116058,0.031850731,0.046131801,0.221163993,0.753399762,3.05514613,1.384837933,0.836160087,3.857608077,0.896918158,0.243493729,4.461480299,111.6730196,1.448374974,0,0.34595148166505607,0.682605978044249
0.040112228,0.025104498,0.029118843,0.136495478,0.812445562,4.331785323,1.16038135,0.430524615,2.936395542,0.210147417,0.157019322,2.513052886,92.36739993,1.159905409,0,0.48523212133618515,1.458610771057928
0.042964358,0.018170671,0.020234576,0.104082718,0.798817384,3.970608397,1.187065502,0.648589005,1.795692445,0.13369496,0.239586437,2.329955061,103.9253456,1.113584405,0,0.4004782570456839,0.7771828529351248
0.190520259,0.217410726,0.24317772,0.390024949,0.297251608,0.422984402,2.034148234,1.571412288,130.8551859,93.13015336,0.302014225,8.837997066,91.80730753,1.118517583,0,0.20069861649479281,0.7191816934226131
0.192450305,0.097107993,0.135236321,0.19115477,0.288043415,0.404580028,2.234230964,1.693510395,59.47318387,95.54560352,0.190963858,7.663594291,62.69326594,1.392638407,0,0.10140308212364596,0.043272155423870584
0.232263952,0.129706749,0.165413269,0.244496923,0.348296653,0.534440485,1.662382527,1.362553242,134.6767825,3.632511114,0.107390379,7.845655283,91.17623787,1.275286528,0,0.1836126331974674,0.4151710402191213
0.239990235,0.139007023,0.170234231,0.25416454,0.313836432,0.457378455,1.864803205,1.626343774,79.38247919,8.518247919,0.156194814,10.66952965,91.83509335,1.224644822,0,0.14767117771803387,0.7668454361862369
0.180136594,0.028623056,0.020204781,0.067749373,0.697581207,2.306672808,1.51458247,0.67485623,1.718500641,0.317482182,0.208544021,1.16844153,121.9310898,0.705891822,0,0.3317302032690003,0.6428607679083874
0.130407791,0.016574765,0.013192518,0.048069446,0.750577898,3.009267792,1.47583996,0.736467976,1.573862156,0.181773772,0.241395666,1.454558485,110.9575287,0.795939943,0,0.6157552502965874,0.7654178869155812
0.123060679,0.022639647,0.017812776,0.07367617,0.765500442,3.26440036,1.423442175,0.732400561,1.768762698,0.172215573,0.361303238,1.562241416,118.2921369,0.786795626,0,0.5010822344103141,0.627815235245683
0.093831416,0.021181447,0.020962531,0.088113381,0.758622336,3.142885397,1.488337274,0.836128007,1.923997555,0.176284901,0.164181392,2.161973639,120.4016841,0.989664698,0,0.40024349524206737,1.2597517533468496
0.091058542,-1.03341207,-0.148937231,-0.294002634,0.561810241,1.282116318,1.254758993,0.864779579,-3.969275799,-0.051816738,0.024651184,0.754976177,432.9466234,0.144121822,0,0.2908898984014368,0.7122294497260332
0.078407975,-0.009107772,-0.00611236,-0.012618399,0.467157653,0.876727712,1.376450133,0.879490676,0.781029373,0.146337217,0.031047559,3.071869035,80.03292459,0.671114712,1,0.5765220907434135,0.5723262373290975
0.067745284,0.01195643,0.005938098,0.012417618,0.566397974,1.306262284,1.203283799,0.913598012,1.332952805,0.123960065,0.023282151,2.502606331,165.7625053,0.496644756,0,0.3219702820602401,0.8193469090551807
0.135598492,0.075034035,0.034325486,0.082913304,0.602512626,1.515803182,1.318948676,0.925868067,3.429644579,0.289492242,0.212202864,2.106626607,203.0925875,0.457465545,0,0.24682158864468964,0.9058787251912778
0.139485597,0.022599685,0.025238404,0.115369797,0.811306108,4.299588592,0.978626313,0.440480057,1.352987441,0.421540967,0.072105444,3.15042706,65.19627422,1.116759124,0,0.7053326476069591,1.1062935232187683
0.125328328,0.036944067,0.036076562,0.161187601,0.739333378,2.836317792,1.020733312,0.451971726,1.680250004,0.370176827,0.022868839,2.450379216,74.62316378,0.976518426,0,0.5475413917887274,1.4188125987963378
0.095672701,0.021974057,0.026813911,0.106949205,0.758664829,3.143614852,1.018069672,0.545239779,1.682047957,0.315748908,0.037359565,3.404516631,70.96332101,1.220253057,0,0.6381288235671229,0.7758849865443525
0.119550338,0.035921004,0.025480054,0.100891148,0.735329794,2.778287006,0.996882656,0.550351903,1.66579914,0.215283647,0.021147073,2.169218299,138.1891252,0.709335797,0,0.5697215138591113,0.9112324191871777
0.173125797,0.006717662,0.002157082,0.005269446,0.503696437,1.014895872,1.379623837,1.106687828,1.098363541,0.244515983,0.041435784,3.065246369,682.2678483,0.321106088,0,0.5782426244425714,0.42068470846060396
-0.29184528,-0.475960311,-0.20991667,-0.461987622,0.599781158,1.498632988,1.128160103,0.972796947,-6.52229224,-0.483366344,0.041893461,4.987224462,349.7095698,0.441038181,0,0.402346161004978,0.6665357203719
0.098288575,0.006286007,0.005389885,0.015485102,0.691510429,2.241600671,0.955828723,0.827055726,1.200903659,0.180131603,0.09849877,8.669734101,165.843008,0.857441763,0,0.35865811668162356,1.2557165333108786
0.101860259,0.00497892,0.00368901,0.012503686,0.717150335,2.535447005,0.966604449,0.623858889,1.108553049,0.200399936,0.036698795,4.181728098,155.9101312,0.740925758,0,0.6263287448519338,0.5426969592845045
0.046699986,0.008605121,0.003418927,0.022056866,0.837789814,5.164840982,1.152170349,1.050348791,1.545575228,0.104816723,0.386148125,9.478662133,126.4855702,0.397313119,0,0.3794885503739238,0.43320358718077057
0.153184572,0.120942586,0.060833771,0.317942,0.786301916,3.679499141,1.254719068,1.216741838,9.502231742,1.02770465,0.271175486,26.14723983,115.9098279,0.502997112,0,0.36484213067047233,1.1987038571279263
0.144069561,0.087638807,0.029593621,0.129036361,0.756938977,3.114193164,2.715469282,2.637952156,2.863641523,1.569527845,0.334925031,33.16054856,163.8958286,0.337677131,0,0.12950103734171955,0.7404935391065284
0.282538224,0.175760539,0.059695763,0.230138647,0.728193501,2.67908789,1.39019232,1.362845045,3.635825647,1.654597147,0.169228116,40.83942905,99.93340181,0.339642581,0,0.4624121239454579,0.838401681987908
0.111119514,0.003900922,0.003058286,0.007509771,0.526819152,1.11335688,1.420335969,1.027597072,1.083730539,0.264260318,0.009599747,4.453993569,200.5629342,0.783990471,1,0.3485827123833424,0.6060148758550662
0.083329396,0.004374276,0.004041943,0.009823264,0.635686313,1.744887267,1.089423884,0.772652987,1.139321135,0.127147231,0.035777929,4.332720979,122.4603308,0.924025629,0,0.2937573059872972,0.7276926033753373
0.07747348,0.004845471,0.004537503,0.012683122,0.648503325,1.844977125,0.935512444,0.59818537,1.194172979,0.23581385,0.026645971,4.179130166,112.3162276,0.936442004,0,0.4195955291580691,0.9976857392332034
0.059616908,0.006526929,0.00634807,0.019695742,0.702053699,2.356309494,1.107381228,0.755774803,1.483495808,0.187382349,0.0243528,3.968482593,102.6504433,0.972596729,0,0.16648952716633603,0.46435032376029056
0.224641748,0.018052557,0.004803291,0.010137476,0.476292748,0.909463723,2.246270651,0.171399777,1.12256071,0.25526182,0.002230252,0.29774569,82.77922401,0.266072593,0,0.17813541529622343,0.27670325645046323
0.372873443,0.035070599,0.004572289,0.008716463,0.474600343,0.903313004,1.199800763,0.309328918,1.141179836,0.157209016,0.005734388,0.15525615,205.2973728,0.130373854,0,0.2596913516589879,0.5837910783705582
0.035563448,-0.040665305,-0.018915509,-0.030740628,0.250587874,0.334379263,1.598215112,0.859520554,-0.109543649,-0.035833543,0.011206123,1.68461893,93.04764834,0.465151038,0,0.2607871492868713,0.09839007763754182
-0.096258808,-1.979023251,-0.090406617,-0.628883318,0.910014063,10.11284755,1.186872858,0.10792605,-0.474266862,0.123545973,0.007574088,0.106059445,120.2508928,0.045682443,1,0.5078247618891462,0.31347323197903576
0.036544115,0.000601097,0.000476156,0.003998749,0.817127535,4.468291797,1.11934505,0.293685482,1.035751348,1.437173385,0.08097284,1.024726353,6.667501402,0.792146155,1,0.389065550541303,1.9333415741658135
0.490883808,0.003116027,0.000641789,0.003382563,0.802894322,4.073420568,1.415022986,0.309051627,1.039406325,1.11525254,0.178452674,0.177530028,-20.66787094,0.205963832,1,0.5705327076625881,1.378734165030702
0.190988362,0.065795886,0.071062621,0.295425394,0.739409076,2.837432194,1.186361732,0.982627218,24.05929262,1.753364007,1.087797718,5.577312705,113.5731391,1.080046581,0,0.30607146354148274,0.7959774112523942
0.204368795,0.133739326,0.139200362,0.578065862,0.771804715,3.382211493,1.217589027,1.115784888,49.08473523,2.219509695,1.408236998,7.825769994,87.37898573,1.040833432,0,0.49685301997018727,1.295202774383376
0.189877768,0.10356626,0.120767643,0.496119806,0.743857702,2.904079912,1.321446274,1.218081742,32.95200488,1.675417224,1.205185497,12.71709167,67.62561333,1.166090605,0,0.45457897108460565,0.383760307965942
0.150889268,0.076163641,0.118160828,0.53087532,0.792637552,3.822473922,1.311597781,0.798682573,41.43083325,2.986740794,0.102039648,4.754786518,29.22321336,1.551407301,0,0.2988030973117147,0.6737587506456567
0.262372939,0.084416404,0.044707223,0.13701337,0.66886982,2.019960305,1.022214396,0.656534163,1.821636407,0.395547925,0.165061026,1.99453152,142.2001603,0.529603502,0,0.578491499079763,0.9182087632985338
0.203962857,0.076744837,0.042054698,0.125909073,0.662984486,1.967222455,1.111272036,0.676444821,1.893392439,0.388605644,0.14023547,2.226506715,149.5690674,0.547980802,0,0.4742680503166628,1.0117350885009881
0.199139875,0.089297178,0.052304915,0.13764489,0.569062769,1.320523567,1.34388971,0.993421177,2.253257395,0.468639652,0.15686174,2.669396427,152.5374085,0.585739842,0,0.5665070960674861,0.7790042225166107
0.273317884,0.081431899,0.026384041,0.059787917,0.548130903,1.213030293,1.398735927,0.909996038,1.725003435,0.31806907,0.098512475,1.440198518,307.8949328,0.324001296,0,0.573643573246995,-0.16778403038334963
0.185532453,0.184209738,0.087673267,0.233850507,0.635428095,1.742943124,1.251293988,0.49147126,9.848975081,0.903561572,0.346716095,0.85690439,83.83627902,0.475942626,0,0.7585265610007351,0.3611712588173977
0.16345897,0.136675431,0.09193872,0.223636023,0.541663953,1.181805263,1.387339286,0.668432042,43.76328432,3.821487859,0.331083626,1.293301662,50.41498334,0.672679205,0,0.6444408570222221,0.7678911086306283
0.155299186,0.125164381,0.069262671,0.157108077,0.572261449,1.337876718,2.101569881,1.177564518,16.44377251,1.342603947,0.532141609,1.334096674,66.84375272,0.553373658,0,0.13338681729259003,0.50965503715549
0.309908075,0.14107191,0.058442254,0.186175721,0.739441324,2.837907133,1.577216659,0.649398374,3.384006647,0.48883633,0.427030228,0.798444412,69.38298903,0.414272789,0,0.3619926362236166,1.8160926483036688
0.098905454,0.087802697,0.089146828,0.179516045,0.515088739,1.062232992,1.780424333,0.852489564,13.42038652,0.641472283,0.077628228,1.631712307,118.3665185,1.015308539,0,0.3723714060545176,0.9072330732998
0.059659215,0.044915314,0.031980982,0.075970291,0.630667633,1.70758831,1.392740557,0.703009293,3.692117798,0.209763364,0.056030444,1.47415726,206.7266356,0.712028475,0,0.5504263948397186,0.8953286582165328
0.094215767,0.065453019,0.024186432,0.094469502,0.803870851,4.098681177,1.708301193,0.424351838,4.856963934,0.441910684,0.144976246,0.537866399,247.1216468,0.369523548,0,0.3337710481921978,0.4415252231266382
0.032785316,0.019296707,0.010703891,0.047139051,0.730508357,2.71069021,2.1692431,1.141627438,3.681111917,0.274949958,0.031022492,0.881785552,197.7961093,0.55470041,0,0.07723697800601245,0.7858813041588338
0.12639912,0.027091762,0.011288422,0.058335808,0.816289725,4.44335368,1.23100749,0.529971147,1.890779203,0.174866379,0.12313389,0.690756939,221.3899329,0.416673609,0,0.4566429948329469,1.1206019821094761
0.130976559,0.038601441,0.015093528,0.084926766,0.827804352,4.807347688,1.029545049,0.443403549,3.46890969,0.106008132,0.263468428,0.696558665,226.6661952,0.391009447,0,0.3892953636191467,1.5638918150639012
0.102673395,0.031138822,0.013200489,0.075645579,0.82311702,4.653455166,1.239373569,0.530900416,2.571602573,0.128490245,0.243226094,0.787669827,183.310997,0.423923856,0,0.4986295946679669,1.440565548549816
0.11044355,0.029698011,0.014974365,0.110088383,0.889343591,8.03698225,1.025029562,0.398086455,3.157670922,0.159845199,0.477565308,0.841685505,142.4773548,0.504221153,0,0.4852774415535563,1.5164945972599728
0.115961549,0.043510107,0.055166535,0.111549774,0.421444905,0.728443857,2.0057763,1.726308626,3.203288003,2.276647548,0.275927453,9.249657791,119.6570216,1.26790161,0,0.19095805086416662,0.3013046355731995
0.156949379,0.153771799,0.125056133,0.194526772,0.29240849,0.413244769,3.11346326,3.0200401,199.665074,88.24940444,0.344337149,9.432211522,198.0733603,0.813257922,0,0.16427481968360858,0.8530379245746578
0.182048227,0.097630607,0.116995176,0.163232411,0.275069453,0.379442491,3.195138873,2.82475517,471.8269383,12.18900571,0.039201975,14.70460098,162.3235872,1.198345272,0,0.18538475829490392,0.1548923119231827
18.20338816,40.79437575,-0.221499398,6.376513958,1.16299937,-7.134993043,0.521002354,0.128641533,-2.253144557,-0.332955052,-0.013411767,0.253796636,-3847.237333,-0.005429655,1,0.8600742709792171,0.7320427191669191
-0.051754513,-0.079432544,-0.025530917,0.085400307,1.495826807,-3.016833269,0.580982697,0.141487118,0.669772253,-0.315769813,-0.053342102,0.68632303,47.53782214,0.321416338,1,0.7166661232245248,1.2153855674728207
0.116751148,0.011908895,0.003459763,0.00622659,0.411997985,0.700674443,1.783451583,1.212745834,1.500831641,0.532075458,0.065078095,1.119498309,408.6357267,0.290519222,0,0.24555582577098595,0.518030354314721
0.100545085,0.028277702,0.010118997,0.016888949,0.389470803,0.637923304,2.222013654,1.64641725,2.867886801,-0.079056647,0.240358987,1.429569477,335.5874796,0.357843681,0,0.14923408137623517,0.2584304169406982
0.062429589,-0.063832455,-0.022027023,-0.051242491,0.66517492,1.986634094,1.252458232,1.035803026,-2.416104725,-0.110984569,0.101260028,1.90879312,337.9536031,0.34507561,0,0.5123229395066013,0.4124575610389036
0.05650219,0.144732986,0.080565028,0.211391552,0.565841847,1.30330812,2.914359902,2.742116852,4.971354149,-0.181521473,0.286011862,5.315892574,171.6480974,0.556645931,1,0.25166890278108833,0.14004115991679686
-0.181903843,-0.463604224,-0.051633725,-0.836988872,0.965870698,28.30033516,0.997770412,0.56739643,-0.950306871,-0.290343234,0.107110092,0.613587254,195.4008123,0.111374579,1,0.5134078843409398,1.2659873195035956
-0.003013569,-0.058103352,-0.01622276,-0.514116144,0.971618639,34.2343924,0.922895927,0.713897663,-0.055863524,-0.051666698,0.157494852,0.959056966,87.20961597,0.279205229,1,0.3708725799231268,1.6302844225210746
0.121325374,-0.24172017,-0.0276705,-1.558224214,1.000612192,-1634.473326,0.870007131,0.677996817,-0.47882238,-0.150243042,-10.74978938,0.580998854,288.2368012,0.114473275,0,0.896205467290184,0.949803248299317
0.15767085,0.098869009,0.016949939,0.071146457,0.753085477,3.049984538,1.006031523,0.617404793,2.547689592,0.088937895,0.159465918,0.493676033,472.2400876,0.17143834,0,0.4304606038030859,0.6398604739946308
0.09778242,0.073174408,0.011139845,0.043914754,0.739431993,2.83776969,1.060678623,0.590185237,3.20575978,0.037019114,0.061970737,0.524293018,544.0136995,0.152236901,0,0.5722222210660193,0.21107082861340418
0.281605171,0.035022106,0.00431257,0.01753729,0.766975621,3.291396476,1.264444108,0.776020679,1.757686401,0.191305078,0.041990233,0.333276101,396.2384572,0.123138521,0,0.2473700120066418,1.1652807697008711
0.075755372,0.00510213,0.001652955,0.002967328,0.469077474,0.883513979,1.829366601,1.617988636,1.156007184,0.098761977,0.025140069,2.655245821,226.1268017,0.323973522,0,0.17322636170421696,1.1791652133070583
0.106350451,0.003499805,0.00068438,0.001411071,0.553669261,1.240490991,0.730302572,0.544334734,1.050413026,0.102043126,0.019062788,3.350097119,198.2803601,0.195547977,0,0.6177016572198715,0.06278870064626176
0.257776602,0.022168588,0.004031281,0.00963854,0.606504409,1.541324537,0.639305653,0.464405948,1.159510022,0.626713774,0.013935954,3.15255632,87.93413024,0.181846561,0,0.6952753020590537,0.3277984716458876
0.154320149,0.006334359,0.004359075,0.013042927,0.697179899,2.302290692,1.056072102,0.628640242,1.299858052,0.125044881,0.517619234,2.437751966,131.1589651,0.688163613,0,0.4104025896551956,0.46214243510954955
0.090092353,0.036321908,0.025626731,0.098775422,0.771711279,3.380417891,1.236693242,0.890142995,2.383003791,0.260048708,1.028799746,2.544263042,149.0923714,0.705544727,0,0.42716680129643103,0.5742728361270045
0.096544042,0.04275839,0.035633252,0.1426886,0.724562887,2.630592796,1.044263635,0.820070048,2.893400141,0.141115005,0.230407907,3.889881433,170.4362948,0.833362814,1,0.28639086365262023,0.8909383800573925
0.080176147,0.00149313,0.000570156,0.002160786,0.747660113,2.962908955,1.076684695,0.479211775,1.024468649,0.047239445,0.182638348,1.371272431,327.8507284,0.381852632,0,0.4260020174956709,1.445699818912091
0.158327205,0.010913065,0.003192893,0.016561733,0.796843407,3.922311319,1.152284876,0.463754761,1.117062866,0.218102885,0.073967524,0.479868073,272.4401358,0.292575264,0,0.41857077859749237,1.2034389147440416
0.128080891,0.004613442,0.001346601,0.006154227,0.762981973,3.219088362,1.229637417,0.452408839,1.066894988,0.236845729,0.079193746,0.456077778,245.9996221,0.291886383,0,0.5174149063840767,1.0110389531097264
0.134330338,0.002564941,0.000704009,0.002733306,0.718038096,2.546578405,1.035110683,0.561491407,1.05852048,0.161485923,0.035096674,0.512494202,259.615099,0.274473906,0,0.3265726352267131,0.5104285183765592
0.048660286,0.002393264,0.001051985,0.003438414,0.665684326,1.991184916,1.055103035,0.808649391,1.307096734,0.057820443,0.059387719,1.691950093,228.5149045,0.439560999,0,0.6171797152564991,0.30813011821184094
0.532035839,0.158155193,0.027186559,0.033468825,0.222861042,0.286771162,3.17845388,3.033262296,15.06532598,4.827602126,0.017520847,3.887063385,229.3833379,0.171897983,0,0.2172518045021116,0.30080617342342475
0.18063444,0.067551606,0.011875196,0.015665212,0.259795953,0.350978834,3.266229083,2.802462122,3.349694824,0.248300331,0.006982698,2.491311734,66.32187716,0.175794425,0,0.056850673874391036,0.8870167003446847
0.371939476,0.098146176,0.029833706,0.188429314,0.8431053,5.373701609,1.005793935,0.620284916,1.493130956,0.373338482,0.229550789,1.133581818,277.7319621,0.303972168,0,0.5639388096167152,0.9691283492710495
0.392925314,0.108589416,0.031063827,0.18713656,0.825156167,4.719389608,1.006263417,0.544442289,1.532369332,0.337756148,0.141291365,0.906440931,259.6739423,0.286066807,0,0.6015362052545368,0.7765818731686894
0.378719595,0.074169402,0.02200751,0.129263063,0.834278404,5.034216574,0.979904847,0.472105464,1.396209188,0.296461237,0.092160915,0.815850213,233.4461195,0.296719527,0,0.4205598240138523,0.9081221348750039
0.35251895,0.078431131,0.023898492,0.144090351,0.834008948,5.024421132,1.054161376,0.520723686,1.412744891,0.326941929,0.110136838,0.778569019,229.57392,0.304706707,0,0.4404092278506804,1.4123091098192337
0.132286259,0.024518891,0.024397673,0.08575006,0.720430542,2.576928629,1.221203909,0.883695742,2.004102238,0.328295351,0.305029044,4.023766218,147.2253058,0.995056157,0,0.44166248029300015,0.2748601301800833
0.163159397,0.042834937,0.063629627,0.213545034,0.684158749,2.16614754,1.341073545,1.032404374,3.942362311,0.573308084,0.380749021,6.012624875,101.3288848,1.485460979,0,0.4189048586425615,1.1952059475728478
0.170665409,0.103207039,0.102600301,0.33091023,0.693839743,2.266263261,1.144370391,0.946574958,7.633071989,0.639509975,0.50042389,6.21084237,110.8910943,0.994121164,0,0.4536480546429317,0.7547666899312045
0.148462511,0.041533733,0.028508701,0.094550802,0.702841696,2.365209674,1.153936333,0.917117367,2.048071278,0.277912634,0.555319308,5.718111599,110.680487,0.686398709,0,0.24859942905050353,0.7134624086817096
0.105810435,0.025106515,0.032760123,0.148289463,0.800069418,4.001736043,1.000840929,0.5881635,1.545419464,0.165709777,0.334196556,4.044125985,105.8154264,1.304845524,0,0.672849734717468,1.2214230568733695
0.105806107,0.025128564,0.032335696,0.162659766,0.802263757,4.057241833,1.016256939,0.596523053,1.634747342,0.188723948,0.615494577,3.616789542,94.08883014,1.286810369,0,0.6619427888055232,1.1091985365649686
0.09982798,0.025212196,0.028825761,0.1591917,0.832146091,4.957561592,1.013263789,0.555080819,1.776071985,0.156495755,0.338303522,3.026219799,106.8677005,1.143326057,0,0.3779953611193696,0.8279017717663094
0.099412361,0.015279209,0.016767541,0.093174486,0.807058569,4.182919996,1.02195363,0.498474796,1.416763256,0.145964636,0.204640862,2.612727284,115.4682488,1.097408941,0,0.2800363508296229,0.8736446639791966
0.368430136,0.066966886,0.02590446,0.047458392,0.387293323,0.632102337,1.443736949,1.309662584,2.646209377,0.599572049,0.025611898,6.719649477,432.68224,0.386824916,0,0.45096459054497273,0.2940957378148525
0.267914843,0.20110236,0.091115789,0.144273763,0.349689593,0.537727197,1.562695199,1.392684982,29.54607424,1.866177306,0.176602172,6.538420584,292.1177466,0.453081651,0,0.3226328075318713,0.6906615952234186
0.304715942,0.181699486,0.100622651,0.144326865,0.250946128,0.335017463,1.857022566,1.624234447,94.59768033,54.32817058,0.124365938,6.987092502,185.6193238,0.553786105,0,0.17723961132935978,0.36700154764720955
0.300041344,0.153859794,0.107464734,0.148049092,0.29585639,0.420164845,1.617482262,1.396939566,114.9176834,85.69105463,0.139530413,8.075346698,128.7911745,0.698458844,0,0.253176412959812,0.2609353943919293
0.087083223,0.042820636,0.045767947,0.320399666,0.858322275,6.058272582,1.070998364,0.479646545,3.066458879,0.185997471,1.133595666,2.116865554,61.3907825,1.068829214,0,0.603730812660528,1.0829317613267686
0.084786892,0.045699057,0.046026793,0.317152692,0.851765649,5.746074642,1.063156236,0.443862941,2.500727813,0.155375361,0.827636413,1.921537254,57.08402455,1.007171606,0,0.6042123715484009,1.6645706413727765
0.078980707,0.045180023,0.045337107,0.293473413,0.839974755,5.249014033,1.041403813,0.521027915,2.448583361,0.134259712,0.624654375,2.026944082,69.5917385,1.003476856,0,0.39116039323046237,0.9758276881100902
0.104525328,0.043073278,0.038724542,0.250963005,0.85036472,5.682915932,1.008903111,0.486485013,2.171627055,0.168889683,0.201153544,1.888867786,89.00549037,0.899038674,0,0.2924954066907417,0.695949371524155
0.091122638,0.012740275,0.009397094,0.050353125,0.797523973,3.938856293,1.083342209,0.556270593,1.399643249,0.141775208,0.789299033,2.887849935,81.42330867,0.737589559,0,0.2625592403997377,0.9615584083343895
0.116596103,0.025333984,0.016928268,0.091216757,0.828176171,4.819914528,1.10443615,0.635518736,1.922077884,0.104537163,0.351918633,1.536935764,81.91793797,0.66820392,0,0.5915569068660808,1.968356231201276
0.058229644,0.023723088,0.018399257,0.116304072,0.852644668,5.786317015,1.05867766,0.562457347,1.928354634,0.121642669,0.138662817,1.918258093,64.36245233,0.775584375,0,0.3216711113323957,0.27404723528412633
0.114235214,0.065888115,0.075840713,0.487319925,0.839088328,5.214589568,1.13123825,0.621967063,5.887607594,0.327517041,0.31357354,2.609170276,48.69584442,1.151053016,0,0.42397754685519684,1.1911013938926467
-0.167172857,-0.474576015,-0.070490911,-0.384735222,0.852017321,5.75754761,1.106253916,0.575795224,-1.588464269,-0.19271495,0.145735291,0.490454076,344.4570527,0.148534499,1,0.4105528942324238,1.102543312615927
0.134841217,0.01924876,0.005143438,0.034392448,0.848882896,5.617384606,0.875362303,0.462792667,1.454097958,0.08768495,0.213432332,0.695707053,191.8839498,0.267208791,1,0.5413263961155249,1.5807669017795587
0.153086085,0.028797467,0.009263096,0.058741544,0.83524545,5.069635094,0.826667327,0.488979633,1.442014447,0.148638658,0.07403226,0.942455135,168.3060928,0.321663561,1,0.23051383203532638,1.4954545868424227
0.123551213,-0.241679357,-0.033827753,-0.234060257,0.875642003,7.041300307,0.917522264,0.489817423,-0.357978177,-0.003763002,0.030210569,0.407826722,380.4256664,0.139969557,0,0.5494494610998373,0.9066454440951104
-0.053200015,-0.65994993,-0.138752316,-1.352268384,0.918687254,11.29819488,0.955793197,0.470456194,-3.19158521,-0.138062414,0.007081963,0.562167031,613.3961877,0.210246732,1,0.6017269997181361,0.15774137228755858
-0.589876141,-0.965453477,-0.175432789,16.66732327,1.118862946,-9.413050789,0.877964057,0.550102296,-3.889985722,-0.82056636,-0.04966274,0.737332905,573.7722167,0.181710246,1,1.0265266261133985,1.4032818839481298
0.055353487,-0.401118139,-0.063131804,0.412448007,1.188821419,-6.296009349,0.83699963,0.423281523,-2.31793541,-0.235976884,-0.00097434,0.377642664,664.0037429,0.15738955,1,0.9067341484904585,0.5824036549042584
0.187547877,0.053034008,0.049206954,0.162661209,0.670355076,2.033567115,1.215429921,0.769733263,1.99285969,0.342620008,0.361179157,2.355909889,109.3666019,0.927837731,0,0.4734412229450921,0.36864085616498365
0.170840946,0.070677842,0.069424221,0.191772606,0.60464195,1.529352822,1.377777518,0.742285566,2.889518598,0.421684726,0.141874869,2.617663999,120.4855172,0.982262884,0,0.515068395698338,1.1019227032418941
0.179981111,0.065095733,0.059752482,0.157604969,0.63592327,1.746673754,1.043490546,0.566726976,3.021384711,0.305024833,0.132521774,2.328879017,121.3630705,0.91791702,0,0.08411108653600247,0.3812023678264716
0.193160554,0.067551944,0.042666769,0.120552568,0.655855415,1.905755438,1.052225557,0.505692238,2.560909875,0.255112086,0.051166137,1.580468002,163.1379739,0.631614228,0,0.7933868462376041,1.190995659035085
0.005390381,-0.828237862,-0.183864154,-0.799277515,0.857665913,6.025723934,0.880661213,0.718149608,-13.01578961,-1.555731987,0.029035129,1.510159959,356.0877866,0.221994385,1,0.6143653982435079,1.1679223607026565
0.052624051,-0.181610061,-0.021746847,-0.115724022,0.709453408,2.441788779,1.01119433,0.815135146,-0.819833922,-0.102291067,0.002461508,1.064775327,298.5879828,0.119744725,1,0.402138712641947,0.927647360034513
-0.005195744,-2.769428251,-0.125996827,-0.482231226,0.775677021,3.45785806,0.921089687,0.721794031,-8.093543998,-0.394945836,0.026294308,0.313992965,780.7150928,0.04549561,1,0.4590112734707342,0.9229059122022364
0.198411102,0.00131086,0.000180468,0.00051003,0.657401192,1.918865962,1.67663159,0.624468008,1.017322045,0.050239964,0.039101156,0.190938549,584.7362667,0.137671464,0,0.32147430929733184,0.12655173099037276
0.123564184,0.065574527,0.027824961,0.076688207,0.619398871,1.627422578,1.807924473,1.008507342,4.237035213,0.123878451,0.011233032,0.725184519,227.1615477,0.424325766,1,0.16407869910924733,0.07826398427869845
0.134062424,0.08229025,0.033110097,0.081964698,0.580122539,1.381647248,1.003206812,0.940569898,5.628127242,0.174708582,0.051097119,1.897694726,217.3119651,0.402357477,0,0.19539732983277586,0.6868214466744923
0.09473071,0.015181667,0.003758102,0.008072596,0.477882768,0.915278673,1.211598293,1.027365857,1.542676569,0.105652831,0.004266732,7.446861924,274.4814406,0.247542115,0,0.7449000148675861,0.7190420605833976
0.025088681,0.058443678,0.032569573,0.221416303,0.841435711,5.306590263,1.101635418,0.475179932,2.441880661,0.038774089,0.334940564,0.897840487,57.83761196,0.55728138,0,0.4834189014151291,1.0413055160781004
0.062862382,0.031503915,0.02044579,0.131592928,0.847688952,5.565511889,1.222032908,0.522306843,2.30002928,0.12590748,0.969243881,1.393040584,54.26333413,0.648992029,0,0.6007838342167804,0.5892327414902363
0.050969846,0.032740702,0.021086333,0.145335938,0.86193235,6.242826257,1.304840461,0.617339692,3.341097273,0.15773283,1.188650325,1.332986418,72.85759667,0.644040343,0,0.364497121005754,1.0094610519410974
0.055470872,0.03662453,0.02540294,0.170802587,0.839183104,5.218252082,1.370913335,0.622472626,4.263574596,0.194347552,0.766522764,1.366048549,95.44172621,0.69360454,0,0.6720200334859201,0.9589829234272579
0.186945217,0.038426285,0.04364652,0.104189477,0.559564912,1.270482138,1.309838662,0.835455252,3.47259416,0.777620436,0.176791065,3.562403002,91.15993485,1.135850624,0,0.4995154290671346,0.3232809895346228
0.167623096,0.035636012,0.048744659,0.116022445,0.597985071,1.487469812,1.248666497,0.979143921,4.822495962,0.488569937,0.689053452,5.767576633,73.10736052,1.367848293,0,0.5440204491576122,0.93433136777477
0.214894036,0.090951566,0.126236831,0.345745169,0.659743807,1.938961933,1.233641915,0.712771385,20.22691951,0.431750815,0.400872138,4.320285682,63.30241641,1.38795665,0,0.3157550354717203,0.09440337845746995
0.224252606,0.117832463,0.15081995,0.40693354,0.602994434,1.518856375,1.290165303,0.934691545,21.15093054,1.783322912,0.37019526,4.140113095,58.51711092,1.279952456,0,0.6271380499762128,0.9060598423826273
0.357842397,-1.598641016,-0.075486243,-0.168548442,0.564968003,1.298681489,1.364113579,0.850332845,-4.068572602,-0.259450525,0.448541402,0.255248112,570.1416364,0.047219008,1,0.5551949067058009,0.739140255615486
-0.437015054,-0.97214103,-0.277800906,-0.694855391,0.657544474,1.920087209,0.87404481,0.771284341,-4.068572602,-0.259450525,0.847108793,2.203145264,61.53884206,0.285761939,1,0.7648046278782249,1.0533991491841
0.331346163,-0.278648089,-0.050471653,-0.161695372,0.717543165,2.540363967,0.877044842,0.787211376,-4.068572602,-0.259450525,0.283810543,1.83510652,13.24422503,0.181130446,0,0.4463655526591395,0.3978752510604565
0.382403352,0.294792195,0.138951232,0.364993505,0.518208906,1.075588386,1.794664515,0.627431339,7.666937811,3.795879721,0.042515821,0.571868249,121.7262339,0.471353158,0,0.23959372204929386,0.6514362154671454
0.34433889,0.323078013,0.15972002,0.245751003,0.188619026,0.232466661,4.186747846,2.742125101,112.2650554,8.116837537,0.034295912,1.047183187,96.87589532,0.494369821,0,0.2536762513957774,0.6256747423977249
0.331140236,0.218700035,0.106278849,0.135163998,0.232568411,0.303047743,3.815537303,2.89817646,80.87948211,15.47330655,0.015866701,1.471248756,118.1688336,0.485957165,0,0.10229928797753036,0.6655185722499266
0.05781975,0.029337951,0.014658481,0.168734186,0.905643962,9.598155941,1.076433224,0.207057112,49.73032703,44.04765528,0.546599468,0.600570827,85.58023495,0.499642287,0,0.47960754489825186,1.0502906043644815
0.060817489,0.031756502,0.014100849,0.2077034,0.947185037,17.93402809,1.041276635,0.154204363,1681.38439,1.034656011,0.364685087,0.507927285,56.98452131,0.444030306,0,0.6705337043904043,1.2695806370570983
0.063211987,0.024971055,0.009300034,0.170520095,0.943744632,16.77608145,1.042626229,0.260590904,11.28624282,0.52663577,1.469155719,0.442346408,81.98543573,0.372432545,0,0.5146587451572283,1.04308842119006
0.068171656,0.025620416,0.009826925,0.166407289,0.937851359,15.09045639,1.040428578,0.183667476,18.32306945,21.62373267,0.235087094,0.465073826,100.1124424,0.383558377,0,0.5874430519629941,2.09544900661992
0.074724116,0.016808714,0.014682814,0.055863432,0.7434186,2.897398642,1.072699703,0.609557511,1.477810912,0.130802594,0.288515724,2.335198579,116.9648736,0.873523937,0,0.44008264561056876,1.1934544783156718
0.086538181,0.014887389,0.011631769,0.045325767,0.743330634,2.896062918,1.081375441,0.466012267,1.600910371,0.118671832,0.122071892,1.789654728,114.3754987,0.781316958,0,0.5555083831771278,0.7657540183078012
0.049472199,0.01630426,0.027741081,0.106541031,0.73622111,2.791053939,1.187553397,0.638871281,1.877982622,0.129268469,0.376755554,3.820981574,48.03424039,1.701462115,0,0.3040209722397025,0.9009325725538085
0.070301537,0.018082991,0.027231717,0.129053219,0.822147554,4.622638434,1.449378763,0.810640302,2.058189939,0.12330937,0.597952804,3.588893386,67.7913155,1.505929874,0,0.584001289515328,0.8046010019594932
0.100765224,0.01730662,0.009263992,0.073918782,0.879883632,7.325260014,1.288490866,0.651430973,1.374098611,0.187787347,0.752216872,1.098294047,142.165247,0.535286021,0,0.44369336177225743,1.6049250632051524
0.114584704,0.015417666,0.006894013,0.057737174,0.881331302,7.426822025,1.234641618,0.656479273,1.329437054,0.152517791,1.003393254,0.997078443,226.0662733,0.447150245,0,0.3661354078484347,0.29694761430449457
0.079310782,0.014855954,0.007701206,0.059301524,0.856907028,5.988463391,1.131246649,0.653967811,1.44939707,0.314770169,0.421886554,1.266818898,224.2912723,0.518391858,0,0.5999574623047872,0.19763073506950646
0.068733299,0.017449426,0.010927606,0.077421369,0.860748759,6.181264523,1.04558092,0.61722824,1.60009584,0.332762289,0.395384951,1.638837771,207.7009734,0.626244461,0,0.430892031891717,1.729357374837997
0.055851788,0.009029296,0.010064588,0.038905041,0.75289947,3.046935875,1.376756309,0.868932854,2.201194181,0.066911231,0.430081404,2.767446794,112.8597422,1.114659154,0,0.27587233094642005,1.6612479170282333
0.054481984,0.014898715,0.019233325,0.075939583,0.740322308,2.850927637,1.40709353,0.756194543,3.902190389,0.084645768,0.21384606,2.97304957,103.7154056,1.290938481,0,0.23243405182168606,0.9873219630758368
0.073533974,0.018511137,0.019321356,0.077981261,0.763144948,3.221991438,1.304018641,0.753214423,3.468845851,0.184065901,0.641501244,2.20490136,125.5465488,1.04376925,0,0.5557406950712382,0.845095176494295
0.069085169,0.018005583,0.01841631,0.079652718,0.77415859,3.42788592,1.282329688,0.988563909,9.072496469,0.10567384,1.491348214,2.962339576,115.1124172,1.022811098,0,0.43797886553581516,1.062907076121911
0.069517489,0.017288024,0.015492616,0.104546898,0.858623315,6.073302067,1.037908743,0.723708227,1.580739977,0.119851082,0.318669106,3.018646167,168.1450622,0.896147316,0,0.47994476604973413,0.6764732368086204
0.067155795,0.018794622,0.017943595,0.128770825,0.862504867,6.272984704,1.016187405,0.724256929,1.832774116,0.148402979,0.39340938,3.581381945,164.3283541,0.954719646,0,0.6616615708964394,1.0856217725761061
0.048722368,0.019191578,0.017238145,0.122453262,0.855914194,5.94030891,1.032373655,0.726863347,2.054117498,0.118729601,0.511389591,3.495893568,169.3422908,0.898214022,0,0.3309761286864885,1.0194543529281075
0.06500457,0.021757249,0.023168144,0.156906448,0.84886266,5.616498621,1.061443935,0.835145579,2.103989309,0.149324751,0.38207077,4.702889719,150.6829227,1.064847123,0,0.39039833707027627,1.3132821253726803
0.093728261,0.019346221,0.016380722,0.070554936,0.75011367,3.001819548,1.190043571,0.918858074,1.534088721,0.27609808,0.427744095,3.619671774,229.9001596,0.846714288,0,0.4422680286228087,0.17680058872664148
0.083123355,0.029792175,0.028158656,0.124600913,0.792836523,3.827105706,1.144149975,0.784785616,2.202282095,0.268613068,0.782618844,3.567694345,178.6083618,0.945169526,0,0.5141527383975611,0.5971860920938651
0.072764649,0.030909479,0.027926634,0.139247704,0.804703244,4.120412742,1.388604819,0.758724124,2.598748475,0.232995349,0.383945564,2.495852366,129.12417,0.903497391,0,0.4541803397219001,1.4224978015004186
0.048603999,0.025601799,0.020652207,0.142031402,0.883542984,7.586859191,1.938009624,1.170027703,2.250066927,0.139689218,0.611631208,2.098865483,116.6908006,0.806670142,0,0.15536875318811474,0.6622030861849685
0.231129533,0.069409331,0.040399361,0.067877558,0.345564831,0.528035239,2.54553123,1.185484612,128.2599716,4.080548426,0.080968651,0.873890514,166.3978265,0.582045109,0,0.14722681190569586,0.2617260423899848
0.300786869,0.080436819,0.043234363,0.063031543,0.2799484,0.388789358,3.158288894,1.323735202,73.37764746,77.81423696,0.19333243,0.765579309,159.8238449,0.537494691,0,0.14517126256689714,1.0105180374567384
0.365834222,0.083922218,0.045605832,0.069033425,0.388593526,0.635573129,2.282054552,1.224723217,731.4435449,3.303477082,0.184595863,0.755110655,163.1817231,0.543429775,0,0.11761780251516932,0.5299106800466441
0.13645278,0.086058285,0.133828758,0.289986664,0.55395291,1.241915758,1.424475238,1.079444641,45.86912522,1.355997945,0.005213562,8.001524448,114.2894735,1.555094416,0,0.294879820339173,0.44053537661760556
0.178603412,0.088498995,0.123746894,0.24084026,0.390544555,0.640809035,2.222186635,1.908019299,22.28543925,8.199816552,0.279108566,7.065481129,149.4769818,1.398285876,0,0.16235323609757726,0.07998368625673181
0.104622928,0.082720897,0.145525991,0.243348411,0.412364575,0.701735392,1.556770399,1.233022619,42.98681288,1.986387044,0.090406785,12.29264612,77.67742617,1.759240963,0,0.28576293528952323,0.7642169769585194
0.127528519,0.082332134,0.14061823,0.248511804,0.454255034,0.832357715,1.418704784,0.97537497,65.53293286,12.93927474,0.063345775,8.826769254,57.13595414,1.707938602,0,0.25458943467467016,0.7557581230412344
0.041714862,-0.236685978,-0.005403037,-0.006899266,0.286315133,0.401178652,2.284972119,1.122381097,-2.417048946,-0.093315487,0.000902926,0.099804133,54.86037153,0.02282787,1,0.13594684869934381,0.425310099857516
0.185996152,-1.476827444,-0.021383215,-0.030186092,0.297004295,0.422483796,1.931869811,0.750041583,-9.081904051,-0.06831228,0.000721112,0.03447527,9.943505178,0.014479156,1,0.1619589821756454,0.22444245227322734
0.247541346,-0.42161838,-0.00763939,-0.01101736,0.31604574,0.462086075,2.07326895,0.888750972,-7.672139851,-0.040247723,0.011867063,0.037581652,1.567321043,0.018119206,0,0.2515525573784194,0.5136171498529815
0.266360922,0.208512985,0.286312846,0.442131969,0.333604201,0.5006097,2.156109512,1.55820964,29.5756381,3.477937253,0.173275162,4.945116995,57.4599333,1.373117582,0,0.11828848758646948,0.30267742245477847
0.232978931,0.198198581,0.255424094,0.37755932,0.314553568,0.458903209,2.419144518,1.904839971,153.3794197,5.469275557,0.038474789,5.529585886,85.29887301,1.288728169,0,0.19244673262362724,0.2750556668929899
0.259067679,0.228665006,0.311096365,0.438010333,0.268933161,0.367863984,2.890689892,2.419754515,392.2132528,10.28836851,0.067117249,7.094248197,94.6867132,1.360489608,0,0.18362347503920842,0.4741968121345731
0.276044553,0.233745354,0.243631561,0.342652271,0.305140524,0.439139905,2.466497822,2.089775946,51.36795045,2.544612033,0.06949949,6.637693921,76.71958182,1.04229477,0,0.09649747701583188,0.24663849634838322
0.180851738,0.035616494,0.057952873,0.175431695,0.696649847,2.296520506,1.366065598,1.232832942,8.012900612,0.864673529,0.314051336,13.69899577,141.318431,1.62713582,0,0.5667089108815587,0.7863271343383561
0.112085153,0.096425782,0.093108321,0.256008031,0.577322517,1.365870057,1.501014063,1.282911058,11.36707927,1.997649504,0.48417775,8.095434958,217.7228673,0.96559571,0,0.25148596509738186,0.8084776779159831
0.053141603,0.11195782,0.098693453,0.222016537,0.539650614,1.172263134,1.606299847,1.497171702,13.5091772,0.817906453,0.537653079,11.16296417,139.4789874,0.881523529,0,0.056629532008273774,0.3597139413763107
0.064071115,0.006584891,0.003199054,0.0205694,0.841856469,5.323369611,1.040369123,0.613095215,1.186792175,0.113866714,0.429384292,1.873777936,126.851778,0.485817367,0,0.5909479286539071,0.31587745233080466
0.062632456,0.050580544,0.024993421,0.132033981,0.769098393,3.330849034,1.521577106,0.882083814,4.542030115,0.245185988,0.297639152,1.873564424,162.4262938,0.49413111,0,0.18456080173778686,1.4245118395823229
0.108834174,0.04038662,0.024958967,0.099954075,0.730068426,2.704642569,1.556225293,1.1445039,2.891508946,0.992255736,0.267023954,2.315705291,194.1748781,0.618000895,0,0.44275933203129203,0.4238919056171181
0.099445863,0.059254338,0.042437822,0.14914288,0.70036753,2.337422003,1.420264477,1.081844175,5.18531927,1.026802749,0.41641902,3.468423843,207.9303934,0.716197724,0,0.3099707249647457,0.536022917959065
0.207227402,0.087060656,0.069837732,0.14174128,0.545259272,1.199055283,1.110739274,1.002126415,4.266736214,0.596205207,0.19888882,8.046662762,96.97202573,0.802173274,0,0.7489326194284808,0.6860353219032651
0.232829855,0.117623929,0.067306929,0.141661224,0.505059973,1.020446813,1.021931347,0.87176264,4.17710609,0.406465662,0.17079126,7.422390989,132.5706782,0.572221395,0,0.6602764098974013,0.805804505481912
0.309104995,0.039962286,0.011993409,0.020676419,0.339937347,0.515007698,2.12127951,1.912360885,1.481760562,0.27019895,0.065057402,3.818554001,302.6760045,0.30011819,0,0.12959763882668757,0.4533576076406929
0.159040967,0.012103187,0.005521887,0.008890439,0.41343428,0.704838802,1.71952972,1.578963238,1.253226514,0.202354602,0.089883614,7.962171052,229.8668913,0.45623414,0,0.22222164067359068,0.6890224117563516
0.048660694,0.016399684,0.010671555,0.056232033,0.813764517,4.36954605,1.193598414,0.478734669,2.376829206,0.044181304,0.233860676,0.98689433,133.482528,0.650717092,0,0.31788838953588194,0.7995069210517995
0.048627202,0.013711751,0.011813201,0.056369053,0.760726418,3.179316376,1.272453763,0.669416056,2.521581516,0.072035647,0.277206523,1.553458323,117.6051303,0.861538455,0,0.39915267674362237,0.41153173407024374
0.054493159,0.017979005,0.01645464,0.063346157,0.716215281,2.523797915,1.294900985,0.954858088,2.685390399,0.072053331,0.225118288,2.4056579,139.6535204,0.91521416,0,0.42131094166453775,1.370526744314811
0.064886503,0.01712491,0.008070317,0.03010366,0.746241472,2.940754258,1.295750262,0.949961717,2.090815558,0.054169915,0.075092949,1.754838602,303.3456987,0.47126189,0,0.4096722908739474,1.7953766457324514
0.119869939,0.019159008,0.008423211,0.017320966,0.53630484,1.156589255,1.550369092,0.845191511,1.261302716,0.243777223,0.00622731,1.207612454,64.43542948,0.439647561,0,0.40833435106686666,1.1457505552343925
0.08914741,0.007110667,0.005806761,0.013637294,0.606438316,1.540897755,1.286335449,0.925962662,1.140395431,0.20819055,0.02458563,3.088684687,30.71745901,0.816626682,0,0.5398359666865852,0.749632323703709
0.15115598,0.013815632,0.005378142,0.014783724,0.661733851,1.956252063,0.819885794,0.426061663,1.136378614,0.184437321,0.02418359,1.600666582,81.42215612,0.389279492,0,0.6076929854038737,1.3417023766354874
0.121763608,0.011434922,0.005807011,0.018055157,0.693381438,2.26138116,0.902918406,0.526246371,1.190993145,0.200531966,0.031490114,1.848172769,78.81773501,0.507831303,0,0.4007935478705949,0.8244962305033945
-0.125298498,-0.219896984,-0.065448969,-0.284371955,0.808823033,4.230755636,1.223774837,0.47937369,-1.528139108,-0.163364417,0.059284677,0.809871269,212.4372029,0.29763468,0,0.2615847766153822,0.7613568647983853
0.063951405,0.034964158,0.016629668,0.075762181,0.745612665,2.931013314,1.140251689,0.544917824,1.862267859,0.140138192,0.045472998,1.194132113,140.0234496,0.475620443,1,0.7046797772153707,0.9865518297527915
0.213783234,0.072184036,0.012432022,0.04603637,0.712972295,2.483984243,1.178502407,0.66342679,1.354757619,0.200145318,0.229517915,0.473864058,392.6234101,0.172226745,0,0.39658262231750935,0.762242997435526
0.0948126,0.029663871,0.004923697,0.016228365,0.678531533,2.110725013,1.186639459,0.723128787,1.594144377,0.228573813,0.020161053,0.62336866,445.2728898,0.165982965,0,0.4021559600097471,0.3559086356890023
0.165791827,-16.53764059,-0.350781281,-0.453104464,0.195023377,0.242272101,1.810468083,1.810468083,-4.068572602,-0.125768989,0.003665932,2.82874082,2417.834761,0.021211084,1,0.14341934507264334,0.16525170428519761
0.108972223,0.006329444,0.003933667,0.027445484,0.861214271,6.205351783,1.115349068,0.716578584,1.077682012,0.104870832,0.053131187,1.359888977,253.1774307,0.62148695,0,0.22353956747650272,1.401025869370258
0.147122816,-0.058764999,-0.026545267,-0.216008051,0.893252621,8.36791152,1.224988988,0.701540728,0.629319162,0.106738178,0.070454144,1.026664306,400.6002028,0.451718997,0,0.39403958744241285,0.07673400916766349
-0.060018386,-0.312323598,-0.089321664,-1.307497454,0.974880174,38.8091926,1.1855922,0.54367246,-0.307028917,-0.039737755,0.121478324,0.665424662,546.2549257,0.285990762,1,0.42805162789880785,1.302068370221342
0.100280903,0.039577055,0.039128262,0.202770822,0.811321988,4.300034635,1.457759126,0.758427461,1.912984012,0.470853571,0.394133198,3.340633035,71.34705493,0.988660269,0,0.46258192090619094,0.18520819862578086
0.074561868,0.037202291,0.036622815,0.191347167,0.805990242,4.154379922,1.755278471,0.839708651,2.253622593,0.335867326,0.382406641,2.862971625,79.60005934,0.984423666,0,0.33867040052501624,-0.06058822245121798
0.060405398,0.033097971,0.040622819,0.204949946,0.797764483,3.944729849,1.857901869,1.080503408,2.561360271,0.399946575,0.450111143,3.514805576,70.87879278,1.227350756,0,0.17019231534339974,0.0644613584966006
0.072721261,0.033257881,0.036385844,0.192072409,0.82064834,4.575638384,1.602868915,0.764997585,2.555983949,0.318289458,0.301738894,2.854726928,77.29636704,1.094051798,0,0.3582752634256015,1.98338198596737
0.443958941,0.216988331,0.047065656,0.126498753,0.679696495,2.122038889,0.503495602,0.477243534,4.249065547,6.850887232,0.02411347,59.76590321,11.79810041,0.216904086,0,0.8154722264038802,0.6313181122697602
0.384364617,0.214299664,0.034746542,0.114531561,0.710387557,2.45289032,1.273971489,1.258480361,13.94576663,14.28338132,0.024658743,76.75291954,13.28878132,0.162139976,0,0.45783586859884745,0.8346332720661677
0.434140765,0.200454772,0.048901339,0.168252646,0.708365586,2.428950607,0.944155932,0.762112319,3.479802255,7.96384924,0.022560347,22.05651615,4.524573882,0.24395198,0,0.5451047942545229,1.3677020183643807
0.154312415,0.025424958,0.009137413,0.041733976,0.761983645,3.201391953,0.885514835,0.498235358,1.358854806,0.232526397,0.045984058,1.399955163,148.704206,0.35938753,1,0.5185421735590692,1.17367189939989
0.159938829,0.012791848,0.004897243,0.020361317,0.757016553,3.115506686,0.901806879,0.47491681,1.155824128,0.306254488,0.073996095,1.43428953,165.6274599,0.382840936,0,0.4584034758107818,0.24339789223831218
0.152772528,-0.017188895,-0.007745853,-0.030909467,0.740825099,2.858398313,0.95440094,0.575963334,0.799576991,0.343238096,0.017484544,1.837872918,145.9173323,0.450631229,1,0.4782335682445413,1.1476025371275045
0.050513379,0.013198964,0.025685151,0.207393566,0.886322066,7.796781955,0.991196606,0.365499948,1.790906513,0.340019839,0.311866103,3.364875967,42.58925197,1.945997463,0,0.3440302322906789,1.0920906323517732
0.059792139,0.006160186,0.009733779,0.096389002,0.909800109,10.08648785,0.989935148,0.323004845,1.254611241,0.240873674,0.41502808,2.594721577,38.16791236,1.580111306,0,0.5637489060293421,0.8291609512020597
0.082320568,0.002624479,0.002231681,0.027373342,0.926140215,12.53916756,0.979617486,0.362725708,1.060045895,0.20470877,0.374266898,1.355414369,70.83854566,0.850332797,0,0.3650727166949855,1.0121454570688901
0.076285283,0.002736735,0.001601025,0.018344798,0.89735441,8.742259754,1.015958709,0.434532824,1.062604353,0.231442316,0.102436696,1.002912964,142.2237852,0.585012703,0,0.6262446896110454,1.6399060103140108
0.078892152,0.0347308,0.014462601,0.022003353,0.425501309,0.740648005,1.996080902,1.929872908,1681.38439,3.662472796,0.063921864,10.99334072,140.5109894,0.416420043,0,0.15727761241179164,0.31192938502853323
0.070804738,0.033946711,0.025594582,0.050561032,0.545963844,1.202467769,1.613071723,1.566617641,35.03072359,1.570760206,0.025541297,26.61147668,126.1749789,0.753963527,0,0.2841575784586076,0.7442745605222776
0.051087762,0.026623736,0.026792453,0.071874379,0.681458219,2.139305604,1.332958309,0.985127853,48.07503554,23.41137672,0.301571852,6.287490227,114.2069394,1.006337089,0,0.528149475126772,0.6966199672134821
0.075159526,0.047038673,0.054115798,0.14036991,0.52426531,1.102011941,1.700528323,1.561712142,66.70323946,0.260110294,0.169253593,6.388475231,107.6691858,1.150453324,0,0.334038415065286,0.06287896922735828
0.191999459,0.011003107,0.005310871,0.019679095,0.726026905,2.649993446,1.011301476,0.549701872,1.091787864,0.201233237,0.009203808,1.555321286,259.7503766,0.482670104,0,0.26440648870498207,0.4790987313076757
0.146921981,0.004056829,0.002618918,0.009238018,0.706363235,2.405568104,1.012299831,0.581696079,1.043772131,0.197833689,0.009061031,1.777103961,194.4578421,0.645557924,0,0.46896444857540426,0.8772854212934785
0.13492168,0.005478493,0.003888511,0.014129831,0.741031253,2.861469823,1.031595003,0.651442954,1.095114717,0.173976305,0.020640991,2.102032853,203.9993357,0.709777381,0,0.6320268368121174,1.3189368356371565
0.115328312,0.007163708,0.00546367,0.020714967,0.731330213,2.722041138,1.069913149,0.62202269,1.148145241,0.155019168,0.019005835,2.217129482,197.2005087,0.762687343,0,0.24528412708516184,1.200532406938692
0.046550375,0.015475357,0.020677845,0.103966703,0.795429142,3.888281781,1.064469708,0.574157865,1.8365395,0.180539209,0.214466533,2.663423361,80.06020892,1.336178894,0,0.5580920713092595,1.03888500176137
0.059603454,0.021580287,0.022972494,0.111823854,0.793698105,3.847265209,1.100958081,0.724287259,2.055779345,0.187277879,0.640246151,2.905199875,132.8946768,1.064512884,0,0.1616653655896716,0.4738897355454166
0.043250661,0.005682486,0.005569142,0.027221315,0.797180806,3.930499827,1.068501763,0.68463974,1.298559398,0.066503768,0.277258702,3.100433027,151.3237992,0.9800537,0,0.34662397345465945,1.520485596323414
0.044265737,0.012025332,0.014236153,0.079577302,0.839187156,5.218408781,1.041961132,0.679619735,1.779976297,0.088110722,0.163833307,3.715973504,137.898222,1.183846955,0,0.5057945827760282,1.1076202338198058
0.114793547,0.019783651,0.016162681,0.167232878,0.904810406,9.505349969,1.259191976,0.783005361,1.311779976,0.292441705,0.671024642,2.602007787,120.6319269,0.816971602,0,0.2313733158795704,0.49681723916072484
0.173304329,0.037002939,0.018411883,0.185360701,0.89706585,8.71494879,1.155038921,0.41450773,1.383170169,0.269270177,0.503710572,1.139418507,149.436083,0.497578925,0,0.3521733893473774,0.9085475095715245
0.119307777,0.021217979,0.014509112,0.133401854,0.8857037,7.749189625,1.082842918,0.409241851,1.305449456,0.254256803,0.108705884,1.426416552,74.08532587,0.683812157,0,0.279224748880462,1.4481242126780796
0.104446651,0.003796102,0.002491863,0.020399813,0.869889161,6.685754732,0.979465134,0.34661614,1.051650035,0.240139824,0.056163564,1.508047072,80.49176088,0.656426671,0,0.7771090494243793,1.003808749159079
0.04182661,0.00806778,0.004965725,0.023255955,0.779952767,3.544478864,1.182595834,0.826761367,2.204562666,0.282329516,0.240641261,2.324137165,197.8140005,0.615500714,0,0.5246341633231001,1.1547458746331045
0.028828103,0.012676177,0.016303136,0.06608275,0.7196447,2.566902426,1.229637,1.047885762,127.1309746,1.581964507,0.48269578,6.101928504,94.1809074,1.28612398,0,0.5382860583436684,1.24147758298486
0.039747578,0.01346582,0.014868095,0.05250802,0.713972992,2.496173338,1.258792095,1.07481382,1681.38439,1.034656011,0.569988522,8.437161123,121.8121039,1.104135892,0,0.4292708361289087,0.9602122738394825
0.031989306,0.011180286,0.011302455,0.054280219,0.835985983,5.097039871,1.133210146,1.115161692,1681.38439,0.406621307,0.454508744,17.89285892,91.86199483,1.010927161,0,0.4469852376864201,0.571148688476553
0.319390058,0.064528764,0.005304309,0.009832548,0.532196494,1.13764965,1.596094325,0.483838995,1.62307651,1.252095048,0.03583763,0.097769082,124.7053303,0.082200696,1,0.2008725199278292,0.6619909455888939
0.141643671,0.111794417,0.033683483,0.062412735,0.368237144,0.582872419,2.194435446,0.772520461,1681.38439,1.034656011,0.111284037,0.460199142,26.17912613,0.301298435,0,0.13686731867634616,0.5317431225440961
0.178193399,0.142618488,0.049969922,0.071417359,0.218166718,0.279045064,4.005179315,1.65535385,1681.38439,1.034656011,0.112909113,0.555176467,32.40986435,0.350374785,0,0.11573285046847695,0.9648365834629071
0.733324945,0.309961063,0.018131848,0.023673776,0.249226447,0.331959544,3.547004508,1.463522004,1681.38439,0.164416431,0.025506971,0.030229639,198.7986881,0.058497181,0,0.18860657659315513,0.09341951554329248
0.222359744,0.08216657,0.052819897,0.162444274,0.695081451,2.279564338,1.300868108,0.915574548,2.557732932,0.410970717,0.292593816,2.136359168,227.7395527,0.642839261,0,0.6174720575987452,0.652812142116976
0.218876323,0.077268978,0.036191622,0.117555469,0.689823626,2.223972175,1.272661414,0.904101855,2.194415397,0.340356935,0.19683275,1.803024198,247.0933952,0.468384888,0,0.6623878627492366,0.4955672586217782
0.196058298,0.068964894,0.035566206,0.116832173,0.701069561,2.345259868,1.292957695,0.904360879,2.183689151,0.332781202,0.142918428,1.992440584,221.8363865,0.515714652,0,0.57765216764565,0.9340422480783996
0.184901956,0.065508695,0.030067877,0.09856315,0.688648529,2.211804316,1.305181684,0.866746514,1.952161582,0.256072831,0.073778891,1.64387197,289.295294,0.458990625,0,0.37738575670462793,-0.15314752571977464
0.342790963,0.033045598,0.004776414,0.012680133,0.659802456,1.939468608,0.807774043,0.295205091,1.334405354,0.779670973,0.161491999,0.35830741,25.90197511,0.144540104,0,0.36587699731653495,1.090223595821598
0.38607819,0.12816859,0.008900759,0.028878726,0.71821825,2.548845874,1.300954585,0.439125551,4.589160776,0.983282172,0.13915317,0.091374261,29.7368193,0.069445711,0,0.5657995190670219,0.8054993949342135
0.075063313,0.013056147,0.006793735,0.020692623,0.607910971,1.550441165,1.577622481,0.77011812,3.627706433,0.941028539,0.020204595,0.950067849,2.293023013,0.52034763,0,0.4316862596442578,0.054354592730183844
0.204738793,0.11130683,0.102954484,0.175836238,0.500044425,1.000177714,1.747164711,1.612123597,1681.38439,1.034656011,0.076321153,11.70679657,234.5777329,0.924961068,0,0.13144277014312944,0.5080549282306415
0.194372536,0.132025725,0.128488423,0.235163819,0.401384729,0.670522035,2.305327148,1.929468106,1681.38439,1.034656011,0.160866924,7.345368369,224.5714079,0.973207477,0,0.1659966806734696,0.7305094556632669
0.189010407,0.114259704,0.129658076,0.239696485,0.505851458,1.02368299,1.802701339,1.483026509,29.03967843,1.15604183,0.057440843,5.867197448,185.2211064,1.134766427,0,0.2115405109468812,0.12665115860801024
0.154692552,0.073533388,0.078157042,0.178621014,0.608035183,1.551249388,1.53487508,1.264238285,13.15829016,0.783747201,0.16298327,5.502375926,183.5346412,1.062878285,0,0.39689429393425074,0.7011277757551045
0.145406108,0.008795455,0.003459724,0.020699017,0.83740908,5.15040494,1.402205564,0.923047319,1.120280491,0.203707954,0.167470364,1.382462433,222.3326719,0.393353621,0,0.36834872049190703,0.47126317609923496
0.036376552,-0.099298719,-0.039415001,-0.261314821,0.862133025,6.25336871,1.092252213,0.819775752,-2.3202743,-0.278084334,0.051777341,1.792494244,238.4836856,0.396933633,0,0.3788527268575467,0.7220074840605164
-0.488848897,-0.973212235,-0.146562855,-1.820148179,0.991812495,121.1373357,0.89273452,0.654205332,-5.874237669,-1.764896477,0.469449872,1.250983731,560.685429,0.150597013,1,0.311321774572041,1.0133691913373184
0.131992364,0.038335156,0.030317831,0.058409872,0.549555925,1.220031423,1.750166473,1.314235492,3.345270827,0.128567386,0.241875101,3.140698507,238.5320313,0.790862335,0,0.3472250277445623,0.6768695786102886
0.174176018,0.036378567,0.05768612,0.171600444,0.728728439,2.68634293,1.345757609,1.200770657,3.86739878,0.17844468,0.253543003,8.49472235,130.9145693,1.585717235,0,0.41734220662150423,0.6117030007269091
0.182400857,0.075417545,0.085521262,0.221085335,0.553349654,1.238887774,1.621964098,1.510631015,6.173375969,0.255027953,0.461057418,12.09842201,161.2161347,1.133970372,0,0.26038880043032986,0.7045668807543819
0.156780749,0.025070896,0.021178169,0.049584168,0.590114035,1.439702952,1.562444771,1.383072455,1.692347139,0.150336025,0.046252856,8.368581012,156.8122718,0.844731258,0,0.5927283788695387,0.8735730582489897
0.135923512,0.011797237,0.005353785,0.013418514,0.597415407,1.48395,1.017336217,0.608696256,1.150740275,0.108788306,0.122856287,2.070163629,177.8307984,0.453816834,0,0.6026751660288786,0.5335365747179956
-0.101919981,-0.319753767,-0.125695894,-0.324664599,0.631489834,1.713629345,0.877906094,0.443289165,-1.96608983,-0.253390078,0.167220209,1.778702311,159.4621413,0.393102153,0,0.6111861252113818,1.2010487151072518
0.114367311,0.023937541,0.015881274,0.041819937,0.608774781,1.556072438,1.044026502,0.563745947,1.630515009,0.116449034,0.136252442,2.079140319,96.2008031,0.663446325,0,0.5213092707780853,1.2117749597731466
0.119085633,0.032702097,0.029978218,0.072572968,0.563352047,1.290174482,1.167795006,0.596308216,2.597284319,0.213106758,0.242213056,2.641686543,67.42712183,0.916706276,0,0.7279992291148659,0.48710235966839305
-0.71387266,4.889653117,0.005293162,0.008421327,0.335556224,0.505018236,2.718778844,1.133452032,1.607984862,-0.057802714,0.008402288,0.006119227,22564.72076,0.001082523,1,0.22738151883372876,0.3541614553168681
0.509005235,0.439617658,0.013270027,0.019950029,0.334190916,0.501932047,2.707046176,0.977366932,2.482104136,0.192716406,0.00609185,0.043693191,733.0789998,0.030185383,1,0.19182773001657874,0.08731502385679489
0.420300389,0.205340804,0.012304921,0.017630843,0.271843747,0.373331612,2.911006049,1.017980768,2.720507469,0.709559412,0.00411734,0.108292903,283.3043767,0.059924385,0,0.17620010661290658,0.46835766709015253
0.474661663,0.283209336,0.005051484,0.006594539,0.196482451,0.24452789,4.722319436,1.714088179,1.987910489,0.177769038,0.002567325,0.033674869,805.9308777,0.017836574,0,0.055742861795723485,0.24548433298259228
0.331070879,-0.685895572,-0.056521487,-0.144569703,0.593601278,1.460637658,1.140252797,0.81181972,-0.605206509,0.192887828,0.051443176,0.412729032,1109.659778,0.082405382,0,0.5185582871350259,0.8615058782412275
0.244831786,0.19913738,0.050598063,0.116725881,0.538358326,1.166182251,1.741618649,1.15280093,2.742873853,0.572822616,0.017112199,1.176728349,302.1743293,0.254086213,1,0.2690710158477289,0.15200490211882736
0.459272181,0.106293948,0.016887167,0.038349045,0.578041702,1.369902438,1.90576825,0.839756511,2.260121128,0.33905934,0.008382245,0.321198706,404.779418,0.158872324,0,0.17479161469866403,0.5340086685596359
0.160216451,0.031337894,0.00448438,0.016891672,0.803586882,4.091309641,2.023583716,0.697885535,1.451345111,0.160294856,0.106037561,0.251972043,314.9767927,0.143097689,0,0.19243707392951329,1.4843721965555727
0.187721789,0.018297858,0.005183084,0.025036936,0.788529468,3.728791245,1.95178504,0.753847769,1.240835881,0.204338878,0.000555873,0.43785196,252.263803,0.283261799,1,0.030276464473332633,0.5078571617768161
0.310973628,0.370252226,0.053873667,0.23610671,0.756018681,3.098674462,2.022476914,0.835640674,4.107777295,0.214070654,0.070835839,0.194158889,512.9202359,0.145505315,0,0.12438095759384167,0.4950553853089563
-0.473130265,-0.590613916,-0.027418687,-0.115985133,0.771758536,3.381324853,2.395109789,0.850201708,-1.270129466,-0.252312728,0.078766536,0.127128924,1313.38327,0.046424045,1,0.16214569597233425,0.2212238660976766
0.181925605,-1.52905497,-0.051670434,-0.246835703,0.811510926,4.305347297,2.423571071,0.670844938,-3.081016602,-0.01109149,0.000477808,0.046068795,1126.511235,0.033792398,1,0.12899195042762568,2.3102869230091194
0.088633003,0.064960223,0.034082516,0.13634574,0.744252312,2.910103766,1.423152833,0.584533247,3.67323638,0.062792086,0.271361477,0.829791864,138.4349999,0.524667461,0,0.22422198476422764,0.5010107287738482
0.116596637,0.045325646,0.024409283,0.093579758,0.733907912,2.758097454,2.157461308,0.894545758,1.987964686,0.247316762,0.305595982,0.840013935,111.0920306,0.538531382,0,0.18910335691035576,0.27986126711266435
0.129584831,0.04885575,0.032721255,0.118542556,0.713496962,2.490364384,1.278238662,0.641051032,2.248389279,0.738491311,0.351594778,1.146248629,98.8190976,0.669752394,0,0.49820832300676565,0.47845983838739203
0.096550577,0.044516753,0.041460678,0.142066961,0.702734609,2.363997396,1.242783846,0.529205698,3.587354773,0.216142538,0.171113617,1.760872582,72.94649264,0.931349996,0,0.3259875692786611,0.4902819678052782
0.426434255,0.301763395,0.039409658,0.061631476,0.374419983,0.598516533,2.506776261,0.34598875,7.362595875,1.470705667,0.015155406,0.137364008,163.5274856,0.130597876,0,0.16416677420321207,0.44995865760267756
0.380799888,0.268892518,0.048266553,0.09168931,0.544423817,1.195022561,2.103014358,0.442038654,8.251422128,0.486955199,0.037114204,0.195769617,208.6035719,0.179501286,0,0.1869713570422408,0.8758653919471295
0.398025094,0.215320587,0.021014253,0.049047273,0.596457207,1.478051939,2.401074497,0.475273256,3.07823587,0.569788637,0.025904314,0.099096311,456.39867,0.097595185,0,0.15023816908347123,0.5275198176112915
0.183853397,0.086828994,0.020681978,0.057321008,0.67352531,2.063024583,2.142178444,0.710743806,3.191905198,0.611922379,0.024128199,0.33984408,294.9648239,0.238192068,0,0.18602541615439483,0.3770118397511102
0.169429197,0.124142481,0.105750258,0.252475816,0.561816714,1.28215003,1.375816513,1.242160702,11.50952244,0.924669488,0.515556164,5.660546674,99.26523889,0.851845856,0,0.47079990417230927,0.1700850655607822
0.189095339,0.125055343,0.089296726,0.226384947,0.637275249,1.756911395,1.368008359,1.217202304,6.956523576,1.055510094,0.2967202,8.160739693,162.338128,0.714057664,0,0.4054584003936991,0.7076500753769549
0.174440269,0.11311567,0.072974661,0.209516324,0.662447589,1.962502907,1.511122789,1.210828084,5.122332822,0.540905131,0.301007963,5.034711428,199.8818473,0.645133085,0,0.2543477995812102,0.7148886759104267
0.15913043,0.095481377,0.062014923,0.18693349,0.673090327,2.058948945,1.570988624,1.356516017,3.5298406,0.482849854,0.218057958,4.994919914,188.3183216,0.649497575,0,0.3799461002643213,1.2358263228600885
0.115721499,0.04934505,0.03318245,0.100209002,0.670028863,2.030568096,1.525146996,0.572773421,4.046133551,0.507244489,0.200851084,0.981123715,86.09113972,0.672457514,0,0.4127322737513553,0.7323567074144329
0.079284735,0.031574836,0.02084357,0.058756207,0.615120843,1.598218119,1.406941971,0.820519278,7.655312911,2.165210917,0.313145297,1.293929487,105.5542327,0.660132334,0,0.49247243310571776,0.6653470910505729
0.067948421,0.041570815,0.02528992,0.063356675,0.585298765,1.411374542,1.677464715,1.043488103,272.495913,1168.801868,0.173176815,1.762933591,156.3051012,0.608357568,0,0.270330972647073,0.29429731065787823
0.073278228,0.029031456,0.023393728,0.067339251,0.701341012,2.348300366,1.369017989,0.88576281,6.298996865,0.192787192,0.129663905,2.355119785,176.9479629,0.80580624,0,0.5231233536584967,0.6776189699606432
0.499618256,0.041727884,0.003870096,0.017575273,0.781279086,3.572036493,2.329276408,0.296746189,1.154272978,0.736603739,0.009477159,0.085208658,153.7455698,0.092746039,0,0.10659245938198221,0.6246102167861576
0.360529433,0.009557374,0.00124136,0.005726756,0.785174607,3.654943182,0.335904305,0.300698501,1.048259835,0.893860693,0.062734223,0.285609801,96.11097273,0.129885046,0,0.7269506905891553,0.651934334194519
0.385264845,0.026080598,0.002957393,0.013116872,0.763795677,3.233622761,0.335452421,0.327462524,1.14460388,1.492732996,0.023397964,9.966321527,111.3253403,0.113394373,0,0.9185390497773369,0.4162978429437647
0.466535542,1.096564893,0.10255417,0.30969867,0.517660552,1.073228727,0.42453282,0.42453282,3.923379284,-0.46999569,0.009955554,33.25282925,125.6052075,0.09352312,0,0.5810697416838214,0.7868821770156148
0.242238527,0.118398934,0.094040121,0.195060909,0.591751362,1.449487658,1.581770658,1.440528112,5.684488372,0.275916176,0.01445344,4.943579987,263.96488,0.794264927,0,0.48596899696698775,0.5758419205720955
0.194260409,0.125871075,0.076696355,0.157297651,0.3916099,0.643682237,2.395694937,2.146033865,4.233166198,0.3041147,0.037627693,5.616706234,357.0428126,0.609324695,0,0.1708408648193373,0.4679080951987033
0.146651462,0.085974982,0.133618061,0.274961533,0.58910171,1.433692291,1.533225926,1.39974469,8.298097914,0.53682175,0.069811878,15.75334433,143.2401177,1.554150509,0,0.42265420443391705,0.08864570402481113
0.237476981,0.134438883,0.059623852,0.121923405,0.386892543,0.631035456,2.185709713,1.902269314,5.837803336,0.727235176,0.015158982,3.733216052,483.4487376,0.443501539,0,0.1652506856347175,0.6483474627564647
0.063022864,0.025271755,0.011657918,0.053593779,0.773569737,3.416370788,1.274569224,0.467181822,1.916618878,0.053887048,0.049462578,0.781695702,191.212526,0.461302267,0,0.738904011484902,0.9948061303921518
0.067033148,0.020164352,0.019576618,0.077690716,0.717485312,2.539638977,1.632751195,1.138825607,5.661294359,0.570462765,1.17852696,2.102946607,78.77250024,0.97085286,0,0.24061540821078922,0.4643482388631146
0.101365026,0.063035772,0.048650674,0.207255476,0.798707418,3.967892954,1.123396419,0.734806814,10.29642005,0.928200658,2.42933342,2.374577827,62.38375136,0.77179469,0,0.1697838071749163,1.1960485535516774
0.212917374,0.108696473,0.054628093,0.251722314,0.767472056,3.30055838,1.178719894,0.627706063,11.75634162,0.647934197,0.273515178,1.077800038,37.52991518,0.502574656,0,0.5298950295344698,0.25409670796702705
0.075024092,0.063517489,0.095528234,0.170480963,0.457743257,0.844144887,1.995074477,1.871084058,1681.38439,1.034656011,0.25056511,18.14625071,97.76643263,1.503967411,0,0.16741921941095506,0.5538764255390577
0.072825228,0.06082138,0.098623798,0.179334739,0.442862913,0.794890385,1.699525529,1.573502476,1681.38439,1.034656011,0.173110221,27.33053095,92.86223766,1.621531723,0,0.23652840042912615,0.48406194483075415
0.081340473,0.067793855,0.146183465,0.311384324,0.585093287,1.410180332,1.422611464,1.192024344,1681.38439,1.034656011,0.450765065,19.01333114,56.77877115,2.156293751,0,0.275476906455024,0.21167581547020375
0.086581637,0.084826328,0.180295036,0.372075024,0.469065989,0.883473235,1.809482159,1.583671042,11519.183,10153.459,0.320299451,16.563735,47.43034671,2.125460824,0,0.14760133438809048,0.6131167313823989
0.055237476,0.019531466,0.019095201,0.115367858,0.837979274,5.172049869,1.107319023,0.61944257,2.163731125,0.233402739,0.221217583,1.929997891,91.56659888,0.977663462,0,0.5272007643826732,1.8512850761208957
0.103095427,0.041992489,0.045310068,0.251118786,0.797641918,3.941734921,1.103301356,0.707491474,3.783730308,0.309671576,0.152257873,2.682892778,104.0118868,1.079004112,0,0.4245774949036193,0.8270536920267679
0.054037567,0.016231814,0.018580463,0.096952163,0.817915082,4.491943046,1.10485911,0.872581055,2.01160327,0.181666012,0.185632797,4.560589561,129.2874049,1.144694157,0,0.8618680519315622,0.7684891229454746
0.069846411,0.020343941,0.020170032,0.110832293,0.818111728,4.497880595,1.116956515,0.904872553,2.254012411,0.211154487,0.116499674,5.419652296,181.7987165,0.991451559,0,0.3559243427550278,1.223512078442839
0.061398463,0.070942357,0.020218977,0.055684893,0.608989669,1.557477183,1.339149328,0.820813724,1.947524265,0.375955949,0.068657975,0.943302611,173.5558885,0.285005716,0,0.35054980394634133,0.7370019984135042
0.058505957,-0.017537341,-0.00468704,-0.012593306,0.645714265,1.822580483,1.323277976,0.854255583,0.650242164,0.03597433,0.07482862,0.842238989,192.245967,0.267260583,0,0.14417043447799507,0.7097167460689255

